id,name,latitude,longitude,price,room_type,number_of_reviews
28823796,36m2 apartment renovated and furnished in 2017 CF,40.40224,-3.74277,1262,Entire home/apt,3
32861514,Bright and Modern flat in Nuevos Ministerios,40.44842,-3.70177,76,Entire home/apt,4
32306195,Cozy Apartment- 2BD 2BT- MALASAÑA W/ Pool,40.42605,-3.70155,110,Entire home/apt,17
36385719,Magnifico apartamento al lado del Wizink Center,40.42966,-3.67795,70,Entire home/apt,2
34931266,One bed room apartment in chamartin,40.46014,-3.68967,200,Entire home/apt,1
35895512,Cozy room in Sol,40.41453,-3.69554,25,Private room,1
18441218,"""Mi locura más tranquila""",40.40182,-3.70103,30,Private room,10
20291999,Salamanca Confort XV,40.43105,-3.66242,60,Entire home/apt,14
36300028,4 Habitación en Manuel Becerra,40.42927,-3.67241,24,Private room,0
1267730,Best Deal Chic VELAZQUEZ SUITE SOL,40.4167,-3.70371,75,Entire home/apt,176
37047656,Room in the HEART of Madrid!,40.41979,-3.7051,15,Private room,6
33854959,LOFT EN EL CENTRO DE SOL,40.41549000000001,-3.70497,138,Entire home/apt,2
29897998,Sunny Apartment at the foot of Pl. Real C. Segovia,40.4144,-3.71098,200,Entire home/apt,42
35154864,A gem in Barrio del Pilar - North side of Madrid,40.47759,-3.70667,55,Entire home/apt,1
13190733,"Ceiling in ""La Latina"" Neighborhood",40.4144,-3.70603,80,Entire home/apt,165
11728046,"Apartamento Cuzco, Bernabeu Licencia VT 4460",40.45776,-3.69573,95,Entire home/apt,190
35610382,Habitacion doble para el fin de semana en madrid,40.40504,-3.6792,27,Private room,3
18760896,America Confort XIII,40.44335,-3.66868,50,Entire home/apt,16
21758753,Habitación en piso precioso y muy céntrico,40.41859,-3.70103,40,Private room,8
25960225,"Cozy apartment in the center, Lavapiés",40.41006,-3.70143,120,Entire home/apt,5
7031649,"Accommodation Madrid, nice apartment",40.38314,-3.72266,19,Private room,77
38087934,Double Room with terrace and swimming pool,40.38541,-3.68708,20,Private room,0
21732039,New Apartament La Latina/Plz Mayor 6Pers Max,40.41293,-3.70879,91,Entire home/apt,124
21106357,Dos balcones luminosos,40.41027,-3.70289,60,Entire home/apt,61
37322344,"SV- CALLE DEL DESENGAÑO 13, 2E",40.42221,-3.70348,59,Entire home/apt,2
20991832,60Balconies Puerta del Sol,40.41745,-3.70612,240,Entire home/apt,65
17517955,"Luminosa habitación 20m2 en Barrio Salamanca, Goya",40.42875,-3.68068,26,Private room,14
14233157,Saga Rental La Latina Atico 5AI,40.40917,-3.71024,250,Entire home/apt,3
6283743,Habitacion 3 Céntrica Luminosa,40.42274000000001,-3.70815,31,Private room,335
24255840,HABITAC. DOBLE COMFORT. DOUBLE ROOM  CENTER MADRID,40.41105,-3.7051,27,Private room,84
22198896,plaza españa apartment,40.4238,-3.71101,80,Entire home/apt,22
29777822,"Habitación en Sanchinarro, zona norte de Madrid",40.48525,-3.65357,25,Private room,48
32606898,Your home en Madrid,40.39183,-3.73734,30,Private room,15
17244920,"Centric apartment 1 bedroom ""Princesa V""",40.42874000000001,-3.71261,90,Entire home/apt,9
36554050,3 Habitación en zona Princesa,40.42677,-3.71488,23,Private room,0
32890136,Solfai Vacacional 31,40.414,-3.69512,59,Entire home/apt,18
22922151,"HABITACIÓN INDIVIDUAL, CON TODAS LAS COMODIDADES",40.42692,-3.71697,40,Private room,9
18770632,Atico en Atocha,40.40845,-3.69492,73,Entire home/apt,3
9215638,Madrid en pequeño/in a Nutshell,40.42173,-3.7111,51,Entire home/apt,406
22186227,Habitación individual acogedora cerca del centro.,40.38324,-3.66681,27,Private room,28
38083231,Studio in the center of MAD-RETIRO PARK-3 PAX,40.42485,-3.68232,60,Entire home/apt,1
25371389,Nice room in historic building - Madrid center,40.41314000000001,-3.70676,20,Private room,17
19367226,Bonito apartamiento Madrid en zona Imperial,40.41322,-3.72075,100,Private room,0
35529868,Lovely apartment with patio in historic building,40.44905,-3.70633,85,Entire home/apt,4
3950979,Bright & cosy studio in Puerta del Sol by Allô,40.41735,-3.7056,90,Entire home/apt,10
31898876,Habitacion exterior en Madrid,40.4611,-3.78105,20,Private room,0
35990955,Apartamento en calle Jacometrezo,40.41983,-3.70791,75,Entire home/apt,0
34616488,Habitación Privada Champions League,40.46173,-3.70407,800,Private room,0
5232887,"Apartment in area Gran Via, Callao",40.42077000000001,-3.70787,125,Entire home/apt,122
35135562,Flirty 2 Bedroom flat - AMAZING LOCATION,40.41073,-3.6994,75,Entire home/apt,11
34422320,Precioso ático con terraza y piscina zona Retiro,40.40907,-3.67071,50,Entire home/apt,4
15471882,Castellana cerca del Bernabéu,40.462,-3.69115,60,Private room,2
22684063,Dos habitaciones muy cerca de Cuatro Caminos,40.45018,-3.70725,40,Private room,42
29844217,New floor of 104 m. Madrid Downtown - Atocha,40.41223,-3.69546,140,Entire home/apt,3
27208971,Loft in Las Letras Quarter -6pax~2BR-,40.41442,-3.69943,80,Entire home/apt,26
34174828,Cozy & Central Apt. in Triangle of Art-Madrid-4C,40.41387,-3.69626,79,Entire home/apt,14
37054813,Explore Madrid - Room in Shared Apartment,40.41293,-3.70762,20,Private room,1
36142186,Puerta Del Sol,40.41487,-3.70477,85,Entire home/apt,3
15036212,Céntrico loft moderno en Corrala histórica,40.40991,-3.70162,51,Entire home/apt,161
28436814,Cozy flat 8 min Atocha,40.40256,-3.6997,40,Entire home/apt,7
25945766,Ibiza home besides the Retiro park,40.41485,-3.67696,100,Entire home/apt,3
23389190,TRIBUNAL,40.42459,-3.70233,80,Entire home/apt,6
9664064,Double Room in Lavapiés + Breakfast,40.40799000000001,-3.70028,38,Private room,289
38447116,Piso en Madrid rio con WiFi,40.39372,-3.72426,75,Entire home/apt,0
7334350,Sunny double bedroom Madrid OldTown,40.41187,-3.70902,38,Private room,119
6606334,Habitación Individual,40.39411,-3.69555,35,Private room,0
38660844,Design studio in the heart of the city,40.42781,-3.70044,88,Entire home/apt,0
17469186,Habitación Canillas,40.46212,-3.62635,16,Private room,133
29978239,Madrid Center Welcome,40.39349,-3.69795,17,Private room,40
21808155,"New, bright, central, 1-bedroom, Reina Sofia, AC",40.41019,-3.69545,100,Hotel room,4
35656216,"001 EDIFICIO A ESTRENAR EN MADRID, 52 HABITACIONES",40.38057,-3.70654,34,Private room,0
26002097,NEW & Modern LAVAPIES | WIFI,40.40973,-3.70045,55,Entire home/apt,70
34611258,Air-conditioned Double Room in the centre,40.41627,-3.6949,59,Private room,0
32685287,Amazing Loft Amazing Location,40.40985,-3.70055,55,Entire home/apt,40
36055437,Big apartment in heart of Madrid,40.41152,-3.69533,150,Entire home/apt,0
19109336,White and Wood,40.41055,-3.70738,80,Entire home/apt,212
30712726,INDIVIDUAL ROOMS IN AN UNDERGRADUATE STUDENTS FLAT,40.43329,-3.71853,29,Private room,0
19017959,medium size room in the heart of madrid,40.41463,-3.7012,40,Private room,1
6549680,Amplia habitación junto al Retiro,40.41915,-3.67668,29,Private room,105
28665693,Apartamento 2,40.41464000000001,-3.69069,150,Entire home/apt,0
35158391,habitación muy agradable a 15 min wuanda y sol,40.35591,-3.69026,450,Private room,0
23782901,Aparment  manzanares,40.39851,-3.72156,75,Entire home/apt,12
13280875,The flat of your dreams in Madrid's Soho,40.42842,-3.69683,10,Private room,0
37685590,HABITACIÒN  PARA SEÑORITAS ESTUDIANTES O TRABAJO,40.40727,-3.70482,350,Private room,0
38723612,Habitación en Madrid a 15 min de puerta de sol.,40.42727,-3.65315,22,Private room,0
11780712,PRÍVATE ROOM COMFORTABLE,40.40852,-3.70161,22,Private room,27
34895701,Disfruta de tu viaje y descansa,40.38318,-3.70688,20,Private room,1
20981255,Volvoreta,40.40881,-3.70915,27,Private room,150
7946804,CHUECA - Céntrico y Reluciente!,40.42383,-3.69688,95,Entire home/apt,146
36346840,GIARDINI: tu rincón de paz en la ciudad de Madrid!,40.41984,-3.7009,148,Entire home/apt,3
756257,Fuencarral apartment,40.42751,-3.70345,100,Hotel room,13
27607018,Vivienda independiente en Madrid Moncloa,40.43352,-3.71507,250,Private room,0
35258567,Acogedor apartamento a pie de calle en Lavapiés,40.41059,-3.69811,60,Entire home/apt,3
38615580,SR4 ESTUDIO Parejas + Niño PORTAZGO Linea 1 METRO,40.39486,-3.65959,58,Entire home/apt,0
34476292,Habitacion 3,40.42273,-3.70433,120,Private room,0
17598320,"HABITACION INDIVIDUAL CON VENTANA, MADRID CENTRO!",40.40875,-3.70196,30,Private room,11
38420538,Apartamento CUATRO CAMINOS Tranquilo y Luminoso,40.44911,-3.70061,52,Entire home/apt,0
32120345,"Bright, central, stylish penthouse, Puerta del Sol",40.41954000000001,-3.70462,1999,Hotel room,4
35262644,Apartamento completo en el centro de madrid,40.42356,-3.70302,350,Entire home/apt,0
20414468,Casa Akhesa,40.40204,-3.7067,40,Private room,15
17074933,"A 20 min.  DEL CENTRO, luminosa y exterior",40.43027,-3.64054,11,Private room,0
7209181,Habitación Amplia Barrio Salamanca cerca I. E.,40.43645,-3.67968,30,Private room,5
20688354,THE CHARMING AFRODITA'S HOME IN PLAZA MAYOR,40.41564,-3.7056,49,Entire home/apt,150
27547622,Modern apt in the centre. Opt. parking.,40.40609,-3.71331,79,Entire home/apt,58
36727647,Habitación cama grande centro Madrid,40.42117,-3.70897,35,Private room,2
18799179,Boulevard Juan Bravo St.,40.43335,-3.67751,80,Entire home/apt,57
11697470,Big Flat 4BD - OPERA area - City Center!!,40.41975,-3.70819,99,Entire home/apt,143
15261457,Madrid Great Location. Wifi,40.42618,-3.69169,49,Entire home/apt,72
23910780,"Living Madrid-Rio Cozy 3 bedrooms, 96 m²-LATINA",40.40687,-3.72259,135,Entire home/apt,58
29926997,Double Room (Ruben Dario) Airport Pick Possible,40.43553,-3.69359,36,Private room,4
32693984,STYLE  & COMFORT - ODONNELL- BARRIO SALAMANCA 6PAX,40.42289,-3.67675,180,Entire home/apt,16
34013184,GRAN VIA CENTRO APARMENTO 42 PUERTA DE SOL,40.42329,-3.70523,61,Entire home/apt,12
23425249,Larra´s Place Madrid,40.42826,-3.69964,100,Entire home/apt,33
21778806,Quiet apartment in Madrid Rio,40.42404000000001,-3.72403,70,Entire home/apt,62
30199397,GOYA DELUXE,40.41882,-3.67702,95,Entire home/apt,10
10914059,Madrid - Studio 2B,40.41967,-3.70162,99,Entire home/apt,3
34596666,"Barrio salamanca, cerca del Wizink center",40.42374,-3.67395,22,Private room,8
1947685,232 - ROOM WITH LIGHT AND WIFI / VERY CENTRIC,40.43463,-3.66983,19,Private room,34
6299647,Family friendly room in Madrid Room for Champions,40.41641,-3.70427,60,Private room,26
22865011,Modern Apartment,40.41441,-3.70391,45,Private room,1
22033666,En el corazón de Madrid! Sorprendente apartamento,40.41076,-3.70904,75,Entire home/apt,125
25417849,"***Fantastic Room in Heart of Madrid, Sol***",40.41688,-3.71009,35,Private room,51
37049843,Apartamento en el corazón de Malasaña,40.42347,-3.70539,50,Entire home/apt,1
18174720,"1 TOCHO’S PLACE 
 “SHANGHAI EXPRESS""",40.42019000000001,-3.70095,50,Private room,157
27853368,"Habitacion 2camas en madrid zona céntrica,",40.39359,-3.71017,28,Private room,36
19822037,MALASAÑA CENTER APARTMENT,40.42926,-3.70693,80,Entire home/apt,52
18761641,Chueca I,40.42335,-3.69898,65,Entire home/apt,27
8051359,Recently Reformed Apartment Centro Rastro VT-3830,40.40849,-3.70504,65,Entire home/apt,30
25616661,"Ático acogedor, luminoso y confortable",40.42636,-3.6666,29,Private room,0
901545,Bright apt by Retiro & Atocha. WiFi,40.40409,-3.67429,120,Entire home/apt,8
34732528,6. Habitación en La Latina,40.41009,-3.71284,20,Private room,0
34983368,Amazing penthouse in the fancy district,40.42999,-3.66513,250,Entire home/apt,0
20355689,Comfortable and Central Room-Wifi+Tv+AA,40.42496,-3.70442,31,Private room,92
16465243,"Place&Price:Great Terrace,Bohemian Attic,La Latina",40.41161,-3.70638,220,Entire home/apt,19
32012492,"Peaceful private bathroom in suite, next to IE",40.43881,-3.67697,52,Private room,32
10914190,Madrid - Studio 3B,40.41833,-3.70065,99,Entire home/apt,0
37891582,Apartamento para 4 personas a 2 minutos del metro,40.3854,-3.65411,40,Entire home/apt,0
23260916,Extraordinario piso familiar cerca del Bernabéu,40.45579,-3.68842,310,Entire home/apt,0
16614603,Habitación con baño privado - Plaza de Castilla,40.46399,-3.69241,25,Private room,8
37008115,Gran habitación en el centro de Madrid,40.42132,-3.70944,50,Private room,1
7168023,"Calle Mayor, studio, bright, central, AC (6A)",40.41658,-3.70782,79,Hotel room,2
25307223,LEEWAYS LOFT in RUDA 0,40.41143,-3.70764,105,Entire home/apt,56
29116796,Moderno apartamento Plaza Mayor - Tranquilo,40.41242,-3.70924,180,Entire home/apt,1
4075286,BEAUTIFUL ROOM /CENTRE MADRID//WIFI,40.40773,-3.70973,40,Private room,38
30173322,Princesa II,40.4315,-3.71767,120,Entire home/apt,0
36592825,Beautiful apt in Madrid & Wifi,40.42303,-3.7054,155,Entire home/apt,0
34218898,Habitacion  soleada y con buenas vistas.cama 1.05,40.40136,-3.65435,18,Private room,48
28335478,Madrid Suites Gran Via 2 suites apartment,40.4213,-3.70156,1000,Entire home/apt,0
127819,140 m2 Architect flat center Madrid,40.41466,-3.70162,200,Entire home/apt,69
35223264,CHAMPIONS LEAGUE FINAL WANDA. Apartamento,40.42683,-3.696,700,Entire home/apt,0
35126624,Amplío y acogedor piso en el Barrio de las Letras,40.41447,-3.70168,165,Entire home/apt,4
33604297,Piso entero a 100 metros del metro y 5km de atocha,40.3857,-3.64225,130,Entire home/apt,8
27158646,"AMPLIO,TRANQUILO Y LUMINOSO PLAZA DE ESPAÑA.WI FI",40.4243,-3.7096,95,Entire home/apt,11
20324976,Loft Aluche,40.37025,-3.77034,75,Entire home/apt,8
18053600,Habitación privada. Bien comunicada y tranquila,40.39932,-3.69916,35,Private room,22
14950864,"4 TOCHO’S PLACE
  “LIQUENES""",40.42155,-3.70059,40,Private room,178
20745141,CEBADA WHITE HOUSE,40.4096,-3.7083,160,Entire home/apt,69
22539171,A cozy and beautiful apartment in the city centre,40.42576,-3.70409,60,Entire home/apt,6
15765954,Clean Tidy Double Bedroom. Homeshare. Citycenter.,40.41179,-3.69851,29,Private room,42
27944118,Meson 1,40.40673,-3.70275,77,Entire home/apt,0
33194090,Super Exclusive and design apartment in Madrid,40.44579,-3.68786,220,Entire home/apt,4
24173397,Wonderful apartment - LA LATINA-,40.41318,-3.70753,55,Entire home/apt,52
28212906,Madrid Suites Sol - Delux apartment,40.41533,-3.7066,300,Entire home/apt,3
1302882,Cozy room in Malasaña center,40.42416,-3.69889,29,Private room,7
15696132,Solfai Vacacional 4,40.41287,-3.71942,60,Entire home/apt,80
31585267,Estúdio super aconchegante e iluminado,40.39295,-3.71252,500,Entire home/apt,1
27548711,Retiro Little Sweet Home,40.40092,-3.67217,70,Entire home/apt,38
37553645,Acogedora habitación,40.42371,-3.70012,25,Private room,1
23721334,Cómodo apartamento a 9 minutos del centro,40.39436,-3.72183,75,Entire home/apt,94
22317034,GRAN VIA IX,40.42375,-3.70407,110,Entire home/apt,1
34856359,Champions League 3 bedrooms!,40.44765,-3.69825,1000,Private room,0
29329834,Habitación Superior Doble,40.42323,-3.71074,75,Private room,0
19235228,Incredible View Appartment in Emblematic Building,40.4242,-3.69257,125,Hotel room,23
548212,Single room with private bathroom,40.42599000000001,-3.71691,38,Private room,60
28042547,The best Location.,40.41652,-3.69728,48,Private room,11
19171134,Habitacion en Chueca,40.42269,-3.6987,90,Private room,0
34804979,10 minutes walking to Wanda Metropolitano Stadium.,40.43338,-3.62658,2000,Entire home/apt,0
33207485,Cozy & Chic and Renovated - BEST LOCATION,40.41039,-3.7026,80,Entire home/apt,24
21308246,Bright design attic in the Lavapiés neighborhood,40.40806,-3.70125,52,Entire home/apt,106
17579529,Apartamento Plaza de Toros Ventas Madrid,40.43218,-3.6671,60,Entire home/apt,11
30033890,APARTMENT IN LA LATINA FINAL CHAMPIONS LEAGUE,40.41,-3.71209,160,Entire home/apt,0
35158187,"Most exclusive area in Madrid, next to “El Retiro”",40.42574000000001,-3.68166,400,Entire home/apt,0
22336836,Linda habitación en madrid,40.43198,-3.63372,19,Private room,0
28734408,DOBO ROOMS PUERTA DEL SOL,40.41873,-3.70932,664,Entire home/apt,14
8902683,Room and bathroom in Bravo Murillo,40.45418,-3.70218,27,Private room,6
23978612,Apartamento céntrico y bien comunicado.wifi.,40.4109,-3.69918,39,Entire home/apt,92
23685128,Clean and Large Apartment in the Center of Madrid,40.43813,-3.7095,275,Entire home/apt,0
20326040,Lollipop Flats: The Kings hideout,40.41273,-3.71357,33,Entire home/apt,34
34276488,Stylish 2bed - 2min to tube in Madrid City Center,40.40816,-3.69905,75,Entire home/apt,3
35156393,Hab. comoda en piso tranquilo y bien comunicado.,40.34146,-3.7091,16,Private room,1
35195094,FINAL CHAMPIONS LEAGUE!!!19minWANDA METEOPOLITANO,40.37613,-3.76209,200,Private room,0
27241406,Apartamento entero con chimenea en Madrid,40.44293,-3.67536,50,Entire home/apt,9
19371660,Exterior flat completely refurbished in Chueca,40.42522,-3.69635,390,Entire home/apt,0
35988623,"Luxurious, stylish stay in trendy Malasaña/Chueca.",40.42635,-3.70494,185,Entire home/apt,0
24764748,Habitacion con maravillosas vistas,40.38975,-3.6887,20,Private room,4
893177,Cozy and Design Apartment in Madrid,40.42155,-3.68821,75,Hotel room,0
10188918,CENTRO. Bonito piso en la Latina.,40.40946,-3.70995,100,Entire home/apt,30
15185895,Piso Luminoso con vistas al Museo Reina Sofia,40.40842,-3.69326,95,Entire home/apt,127
36716485,Your BEST EXPERIENCE in Fuencarral-Malasaña,40.42549,-3.70006,69,Entire home/apt,6
13599880,Habitación 12 m² Súper Céntrica - Room with WC.,40.43464,-3.70863,30,Private room,59
23135389,Fantastic residence ``FUNWAY´´ north zone Madrid,40.45971,-3.69707,50,Private room,0
34586034,WANDA METROPOLITANO,40.44365,-3.58313,500,Entire home/apt,0
27888194,Cozy and modern apartment for 4 in Madrid,40.40312,-3.69,60,Entire home/apt,38
33174238,Habitacion de los sueños!,40.39182,-3.73965,45,Private room,0
3238612,Ópera I - Cassavetes,40.41882,-3.70909,104,Entire home/apt,19
31929550,4. GRAN HABITACION P/4 EN C/ GRAN VIA C/ BAÑO PRIV,40.4201,-3.69906,50,Private room,13
19408012,Private bedroom with balcony in Malasaña,40.42764,-3.70587,60,Private room,76
33539731,"Princesa  I, extraordinaria  ubicación",40.42418,-3.71369,100,Entire home/apt,8
27804608,San Jerónimo,40.41436,-3.70088,80,Entire home/apt,13
18138585,Best apartment in quiet La Latina/Plaza Mayor,40.41209,-3.71129,110,Entire home/apt,171
14142056,Habitación exterior tranquila y con encanto,40.38298,-3.74124,50,Private room,35
22444626,Boutique Studio next to Puerta del Sol,40.41315,-3.69768,128,Entire home/apt,58
23044497,"NEW, LAVAPIES. PROVISIONES",40.40662,-3.7026,67,Entire home/apt,88
15000982,COZY APARTMENT IN THE CENTER OF MADRID,40.4099,-3.70486,54,Entire home/apt,21
38040991,alquiler habitación individual,40.34796,-3.71047,26,Private room,0
16153065,"Habitación céntrica y acogedora, con cama grande",40.41339,-3.71297,40,Private room,50
924876,@ Puerta del Sol Bright Quiet Wifi,40.41734,-3.70402,120,Entire home/apt,158
19482362,Apartamento moderno - Madrid Centro,40.44671,-3.70605,45,Entire home/apt,10
36274041,Habitación Privada en Gran Vía Centro,40.42211,-3.71041,30,Private room,1
22579829,R4D Beautiful apartment in Malasaña,40.42539,-3.7086,90,Entire home/apt,14
4818802,Individual o Compartir estudiantes- Sólo chicas,40.47559,-3.7025,18,Private room,21
31689214,"Recién renovado. Newly renovated. Wanda, airport",40.44848,-3.606230000000001,65,Entire home/apt,24
15985820,Apartamento céntrico en Malasaña/Chueca,40.42837,-3.7029,65,Entire home/apt,123
15802046,"Habitación individual,cerca aeropuerto.",40.47598,-3.65719,23,Private room,100
177500,Fuencarral studio A,40.42762000000001,-3.703230000000001,80,Hotel room,24
26290034,Habitación + baño privad.Metro 1 min.,40.35808,-3.59615,18,Private room,0
31013121,PISO DE  2 HABIT. ENTRE VENTAS Y MANUEL BECERRA,40.4323,-3.66845,55,Entire home/apt,7
21294003,Bright and cozy Studio flat.,40.44108,-3.67316,55,Entire home/apt,123
4634016,Loft appartment in Madrid downtown,40.40799000000001,-3.70375,26,Entire home/apt,29
23137641,Fantastic residence ``FUNWAY´´ north zone Madrid,40.45792,-3.69682,50,Private room,3
35252046,Centro de Madrid,40.43061,-3.71952,40,Private room,6
31579349,Apartamentos en Madrid con servicios de Hotel,40.45809000000001,-3.69999,999,Hotel room,2
22643215,Double room - Cuatro Caminos,40.4473,-3.70437,40,Private room,18
32564906,ACOGEDOR APARTAMENTO/WIFI GRATIS/ PARKING OPCIONAL,40.47269,-3.69546,130,Entire home/apt,16
34527785,Cozy Terrace Apartment,40.42586,-3.663780000000001,501,Entire home/apt,2
10668906,Apartamento Sol- centric and quiet,40.41591,-3.69962,90,Entire home/apt,0
4103680,3 Habitaciones SOL OPERA 3,40.41814,-3.70983,150,Entire home/apt,111
22307213,Exclusivo dúplex GRAN VÍA / CHUECA,40.42038,-3.69845,130,Entire home/apt,84
7362416,Pleasant Room in nice quiet flat.,40.42809000000001,-3.69997,50,Private room,0
24198633,"HABITACIÓN DOBLE 2 personas,exterior, luminosa",40.40291,-3.70531,25,Private room,23
36292877,Chic and Modern City Centre Loft,40.41117,-3.70328,75,Entire home/apt,1
6688832,Culture & Cuisine in the Centre,40.42588,-3.71259,80,Shared room,27
25161130,Executive flat Paseo Castellana,40.46711,-3.6898,70,Entire home/apt,5
16075619,M (AVA24) Offer Luxury Apartment Madrid,40.43762,-3.67445,155,Entire home/apt,3
38119847,Stunning Studio w/Balcony near el Pardo,40.50424,-3.70369,50,Entire home/apt,0
31984985,Olala MAD Apartments 4A,40.39663,-3.6613,49,Entire home/apt,3
13929947,Maravilloso apartamento  Plaza  España con parking,40.42563,-3.71048,140,Entire home/apt,28
34862871,Cosy Single Room,40.47337,-3.708380000000001,300,Private room,0
32220000,Habitación c/baño privado,40.36475,-3.60245,30,Private room,12
20429379,PUERTA DEL SOL LA PAZ MARVELLOUS PENTHOUSE,40.416,-3.70484,80,Entire home/apt,136
35002058,Cosie Room,40.35963,-3.58468,250,Private room,0
11376487,Alquilo Habitación,40.43331,-3.70734,20,Private room,0
19852477,Cozy Apartment in Malasaña,40.42814,-3.70405,32,Entire home/apt,1
20766400,"Amplio, luminoso y céntrico",40.43282,-3.701330000000001,38,Private room,9
31157282,"APARTAMENTO VACACIONAL MADRID, MENDEZ ALVARO",40.39719,-3.67859,144,Entire home/apt,0
34885835,Special Champions League Final - Matrimonio,40.39456,-3.68972,490,Private room,0
35212649,Descansa disfruta y pasea,40.38354,-3.70812,50,Shared room,0
8715418,Apartment the Best Tourist Madrid,40.41075,-3.6934,37,Entire home/apt,253
30761941,"Central, Characterful & Spacious  Duplex Apartment",40.4274,-3.7067,169,Hotel room,2
13388645,Fantástico apartamento con vistas a Madrid Río,40.41533,-3.7245,39,Entire home/apt,264
37731210,Madrid is cool. Double bedroom. Wifi,40.40793,-3.7122,28,Private room,1
27455355,Fantastic apartment near by Retiro!,40.40666,-3.67703,110,Entire home/apt,28
30165820,Beautiful apartment located opposite Retiro Park,40.41934000000001,-3.67894,502,Entire home/apt,0
26376301,MADRID 4U-CHUECA.Unbeatable. Week+end Best Plan.,40.42274000000001,-3.70026,56,Entire home/apt,65
26941549,Habitación doble,40.38547,-3.63886,35,Private room,1
29536072,Junior Suite,40.41165,-3.69857,999,Hotel room,5
35057330,A cinco minutos andando al estadio,40.43054,-3.60101,850,Private room,0
12755249,Bright and newly-renovated apartment,40.43235,-3.69548,94,Entire home/apt,38
34804160,Cozy Duplex in Downtown Madrid C/Tribulete,40.40689,-3.70379,80,Entire home/apt,5
27041718,"Double room in Chueca, with private bathroom F 12",40.42312,-3.70202,52,Private room,109
34650740,SuperAtico,40.47501,-3.71789,2500,Entire home/apt,0
14458953,"Intimate, warm apartment in Madrid's heart",40.40821,-3.70702,35,Entire home/apt,201
18902516,Wiatr Madrid Centro 4-1,40.41702,-3.70741,157,Entire home/apt,47
27403123,Apart. Liana,40.42569,-3.65571,50,Entire home/apt,0
23138965,Fantastic residence ``FUNWAY´´ north zone Madrid,40.45779,-3.69848,50,Private room,2
102194,CHIC APARTMENT CHUECA WiFi & AC,40.42153,-3.699230000000001,95,Entire home/apt,17
29843034,HABITACIÓN EN VALLECAS,40.38628,-3.65044,20,Private room,0
24907816,Concha Espina I,40.44976,-3.66867,68,Entire home/apt,0
26421655,Cozy flat with balcony 15 min from city center,40.44865,-3.70714,70,Entire home/apt,55
16721576,Vacaciones en Madrid,40.38848,-3.66637,20,Private room,28
34792259,Espectacular apartamento en pleno barrio Salamanca,40.42763,-3.68597,1160,Entire home/apt,0
34762962,"Nice bedroom & private bathroom, breakfast incl.",40.41741,-3.52766,26,Private room,5
36386931,HABITACIÓN PRIVADA AMPLIA + WIFI,40.43164,-3.64156,21,Private room,3
34698773,NEW RESIDENCE EN MADRID 10 DOUBLES ROOMS,40.37939,-3.70802,40,Entire home/apt,0
34309334,Sol y calma a 10 min del aeropuerto,40.47065,-3.57723,25,Private room,67
35615793,GAY ORGULLO MADRID 2019,40.36724,-3.76108,250,Private room,0
24629555,Chamartín-Ciudad Ramos Carrión,40.44534,-3.66849,171,Entire home/apt,2
23263021,2544 - AM Luxury Madrid Apartment 1B - Beautiful 2-Bedroom Apartment in Madrid with a Terrace and Communal Pool,40.39937000000001,-3.67185,66,Entire home/apt,9
37006546,Habitación céntrica y amplia en MADRID,40.40881,-3.70725,35,Private room,3
22497528,"Beautiful Views, 1 Bedroom, Wifi & Air Conditioner",40.41214,-3.71397,70,Entire home/apt,23
30415427,"Habitación a 5 min de la casa de campo,Madrid Rio",40.40959,-3.73029,150,Private room,0
6655077,Final champions en el centro de Madrid,40.43022,-3.68547,500,Entire home/apt,32
15308709,New and Unique Flat in the best Neighbourhood!!,40.40962,-3.70921,42,Entire home/apt,58
19171914,Modern apartment with patio - Velázquez VII,40.43567,-3.68405,181,Entire home/apt,0
30313285,BRIGHT FLAT | Parking/Wanda Metropolitano/ Airport,40.43441,-3.60962,50,Entire home/apt,35
12357427,Apt. by the music Conservatory!!,40.44644,-3.67426,110,Entire home/apt,13
29329620,Habitación Superior Doble con Desayuno No Reembolsable,40.42178,-3.7093,75,Private room,0
33991836,Your BEST EXPERIENCE old Madrid CHUECA,40.42534000000001,-3.69714,48,Entire home/apt,12
30556451,Nice studio with pool access & Wifi,40.4637,-3.68177,91,Entire home/apt,1
1383366,Private room in prime remodeled apt,40.41096,-3.70172,41,Private room,18
18764230,Plaza Mayor Comfort V,40.41397,-3.707030000000001,60,Entire home/apt,5
19125045,EXCLUSIVE 3 BEDROOMS APARTMENT IN CENTRO/SOL,40.41589000000001,-3.71204,145,Entire home/apt,1
34572030,Cosy low ceiling loft in Tribunal,40.42296,-3.70202,40,Private room,3
28867452,Very quiet with A/C & breakfast.15 min to center.,40.43146,-3.65267,28,Private room,42
38399517,Apart en lugar exclusivo con wifi alta velocidad,40.41999000000001,-3.70693,100,Entire home/apt,0
22404984,Habitacion con mucha luz,40.3935,-3.74265,20,Private room,72
21271842,Casita baja en el centro de Madrid.,40.44453,-3.67427,90,Entire home/apt,26
28213426,Madrid Suites Sol - Comfort apartment,40.41644,-3.70494,300,Entire home/apt,1
35259937,Sunny and quiet double bedroom near Madrid Centro.,40.4397,-3.69758,30,Private room,7
34918889,Hab. 2 camas en Chamberí. A 20 minutos del centro,40.43468,-3.69373,25,Shared room,6
1408400,A bonbon in the heart of Madrid,40.41595,-3.71152,79,Entire home/apt,204
20630277,The La Latina Apartment - VALLE NOSTRO,40.40935,-3.71433,49,Entire home/apt,69
30518562,Paulina´s 4 - Elegance,40.39303,-3.72356,25,Private room,0
19694297,Entre el Retiro y el Prado tranquilo apartamento,40.41397,-3.69072,69,Entire home/apt,10
18982253,Luxury & super new apartment in Av. America,40.44015,-3.67194,225,Entire home/apt,2
37711717,Habitación Madrid,40.38731,-3.74007,29,Private room,0
25792346,Habitación privada en el centro de Madrid,40.43285,-3.70267,40,Private room,0
12901132,"Lovely flat with 2 pools and jacuzzi, city center.",40.39011,-3.68722,65,Entire home/apt,78
31535174,SINGULAR APARTAMENT SANTA ANA TERRACE LUXURY,40.41574,-3.70107,95,Entire home/apt,33
34032628,Room,40.41815,-3.70394,16,Private room,0
28823638,55m2 Two Bedroom Apartment in Puerta de Angel AZ1B,40.41299,-3.72555,51,Entire home/apt,0
34863094,Final champions,40.44821,-3.711230000000001,2000,Private room,0
35358296,OSHUN CONFORT PUERTA DEL SOL,40.41433,-3.70342,88,Hotel room,1
23936046,Piso centrico. Habitacion single,40.47203,-3.70519,42,Private room,8
32798835,Sophisticated 3Bed w/Balcony 2min to tube,40.42296,-3.67395,130,Entire home/apt,1
29027451,dormitorio,40.34474,-3.71485,21,Private room,6
15042485,"REINA SOFIA BEST LOCATION , AC ALL FLAT 3 BDR,WIFI",40.41215,-3.69574,108,Entire home/apt,158
31009280,"Piso cómodo , tranquilo y bien comunicado",40.41148,-3.64792,60,Entire home/apt,5
35185989,Casita Vintage,40.39587,-3.70075,30,Private room,1
34682948,Central apartment near Grand via,40.42062,-3.70311,995,Entire home/apt,1
32839950,Your best experience in La Latina,40.40954,-3.70992,60,Entire home/apt,29
32261348,Cómoda y tranquila habitación en Madrid,40.45652000000001,-3.67538,38,Private room,6
19524052,"MOST CENTRAL GRAN VIA, CHUECA APARTMENT (AC WIFI)",40.41953,-3.69764,115,Entire home/apt,1
7623716,Estudio centro de Madrid (Chueca-Alonso Martínez),40.42509,-3.69645,60,Entire home/apt,33
956245,VERY CENTRAL BUT QUIET,40.43125,-3.71374,82,Entire home/apt,109
28066489,Autocaravana / Camper Madrid,40.45329,-3.60239,120,Entire home/apt,1
23321578,Huge flat in Gran Via Street,40.41866,-3.70012,189,Entire home/apt,37
4230273,Nice & Big Flat well located/Palace/Historic City,40.41228,-3.71318,130,Entire home/apt,31
34942152,APARTAMENTO Wanda Metropolitano,40.42212,-3.62095,250,Entire home/apt,0
29392874,Piso  Plaza de Castilla,40.46502,-3.69022,85,Entire home/apt,0
19385791,Charming Room in city centre,40.40726,-3.70031,85,Private room,1
462072,Spectacular Penthouse 95 m² Latina,40.40817,-3.7102,112,Entire home/apt,53
15507824,Bienvenidos a mi casa.,40.37485,-3.62586,20,Private room,38
37377619,New Design Old Town Apartment (Madrid Rio)Wifi-AC!,40.41011,-3.72747,69,Entire home/apt,5
6094591,Madrid - Puerta del Sol,40.41165,-3.6997,32,Private room,53
21263129,Cosy room IE Airport and city center.,40.43692,-3.67525,24,Private room,67
35984850,Apartamento en calle Hortaleza (1112),40.42642,-3.69676,60,Entire home/apt,0
11648578,Habitacion amplia y luminosa,40.4321,-3.64631,22,Private room,6
12065949,Bright APART Royal Palace/La Latina,40.41112,-3.71414,90,Entire home/apt,27
12030020,Habitación individual en Madrid,40.41011,-3.73555,26,Private room,61
29330863,Habitación Premium Doble No Reembolsable,40.4216,-3.70993,75,Private room,0
14850472,Flat and parking in old Madrid,40.40919,-3.7127,99,Entire home/apt,153
25465197,Cozy apartment for 4 in Madrid~Chamberí~,40.43278,-3.69819,70,Entire home/apt,44
19411356,Apartamento con gato en Acacias,40.4003,-3.70203,30,Entire home/apt,2
11257292,1 or 2 rooms + breakfast in the city center.,40.42483,-3.70624,40,Private room,6
34565945,Homeart Apartment 1 bedroom in City Center 4A,40.42388,-3.7038,5000,Entire home/apt,0
18148511,Sol-Magdalena Apartment,40.4116,-3.70168,200,Entire home/apt,112
38654993,Amplia Habitación en Opera,40.41669,-3.70929,60,Private room,0
24693057,NEW charming & stylish STUDIO. 5´ from Retiro Park,40.41909,-3.6736,80,Entire home/apt,76
14245167,Saga Rental La Latina 1 4DE,40.40988,-3.70978,200,Entire home/apt,7
17660601,"COOL, SILENT AND BRIGHT APARTMENT (VERY CENTRAL)",40.40996,-3.70732,75,Entire home/apt,33
22764792,Centrally Located Penthouse in Artistic Neighborhood,40.42344,-3.70023,120,Entire home/apt,56
26392094,loft en malasaña,40.42354,-3.7059,80,Entire home/apt,21
18870263,Estupendo piso Madrid centro para 4 personas,40.4089,-3.70934,75,Entire home/apt,11
32984641,Great Location! SANTA ANA SQUARE,40.41552,-3.70047,138,Entire home/apt,36
20650577,"Plaza Santa Ana cosy, 2 BR, 6 pax, 65 m2",40.41373,-3.70069,90,Entire home/apt,134
22431033,CASA REINA- Classical with Lift in Sol! 5 rooms,40.41462,-3.70448,149,Entire home/apt,21
31639638,Deluxe Penthouse Studio - Gran Via,40.42061,-3.69721,49,Entire home/apt,0
35103220,Bright private room w/own balcony in hip Lavapiés,40.41144,-3.7034,100,Private room,0
35342956,Atico con Terraza en Plaza Castilla,40.46131,-3.70814,45,Entire home/apt,2
25103082,PLAZA DE ESPAÑA: Apartamentos Home & Palace,40.42099,-3.71706,85,Entire home/apt,33
3451661,Habitación grande con terraza en chamberi,40.4357,-3.70163,50,Private room,1
31983597,Madrid city center Luxury Apartment - 8 PAX,40.41461,-3.707,140,Entire home/apt,26
13582120,"COZY, LOT OF NATURAL LIGHT room nearto CITY CENTER",40.4177,-3.66766,20,Private room,81
21564296,BEST BUDGET ROOM TO VISIT MADRID #1,40.42423,-3.70401,15,Private room,55
34675715,Room for Champions League Final close to Wanda,40.4303,-3.71078,150,Private room,0
22943302,Solfai Vacacional 18,40.40565,-3.70274,60,Entire home/apt,30
15793895,Bonito y relajante lugar en Peñagrande,40.48381,-3.73475,32,Private room,53
15161490,Gran habitación privada !!,40.42145,-3.71076,73,Private room,14
24030795,Barn 69 XIII,40.40623,-3.70198,50,Entire home/apt,2
13834763,Great Studio  in Madrid,40.41059,-3.70459,50,Entire home/apt,2
33779673,Charming Lavapiés City Center - Estudio renovado,40.40967,-3.70028,65,Entire home/apt,3
30034429,Apartment IFEMA-Airport V,40.47788,-3.64674,60,Entire home/apt,8
20329772,BEAUTIFUL APARTMENT IN SALAMANCA(Madrid),40.43896,-3.66392,40,Entire home/apt,87
18641972,Deluxe Central Madrid Apt in the Art Triangle,40.41218,-3.69418,141,Entire home/apt,10
35009944,"Bien comunicado,buena zona,buen ambiente      .",40.40423,-3.7042,40,Private room,0
37355226,"Apartamento Delicias - Nuevo, ubicación, centro, A/A, wifi, desayuno",40.40607,-3.69451,110,Entire home/apt,12
18894013,Maria's Cozy Place at Heart of Madrid,40.41082,-3.70638,160,Entire home/apt,0
30418194,Alojamiento para hasta 7 pax a 10 m del Bernabéu,40.45482,-3.70512,400,Entire home/apt,0
30948431,Luxury Light flat...,40.4214,-3.70682,100,Entire home/apt,36
35190410,Habitación para final Champions League!,40.43525,-3.6718,300,Private room,0
36617218,Downtown MADRID Centro Bº PILAR,40.47628,-3.71505,59,Entire home/apt,1
30490798,Habitacion en centro Madrid,40.42303,-3.706280000000001,30,Private room,2
21602634,Tranquila HABITACION DOBLE en el centro de Madrid,40.40611,-3.70028,40,Private room,93
34815742,Cool apartment refurbished with two rooms!!,40.39729000000001,-3.66643,45,Entire home/apt,17
12107436,Great apartment in center of Madrid (with AC),40.41253,-3.70233,135,Entire home/apt,133
36293453,Habitacion individual Templo de Debod CENTRO,40.43091,-3.72511,18,Private room,1
13429275,¡Ven al  Orgullo de Madrid con todos tus amigos!,40.40512,-3.71251,180,Entire home/apt,0
19232212,3 MALASAÑA Brand NEWStudio:Room/Kitchen/Bathroom-B,40.42634,-3.70866,45,Entire home/apt,93
28178043,Echegaray VI,40.41561,-3.699030000000001,80,Entire home/apt,10
11251920,Bella Hab. con litera Madrid centro,40.42137,-3.69922,25,Private room,59
34008124,Piso en el centro callao ( gran vía),40.41892,-3.70487,90,Entire home/apt,0
28855477,Abalu Boutique  Luxury Suite en Madrid,40.42457,-3.70688,120,Hotel room,0
29698282,NEW CUTE STUDIO IN CHUECA-MALASAÑA,40.42326,-3.69882,90,Entire home/apt,40
34612457,GRAN VIA CENTRO APARMENT 51 PUERTA DE SOL MALASAÑA,40.42401,-3.70761,65,Entire home/apt,0
34200144,Madrid Central Cozy Well Connected Beautiful Room.,40.41707,-3.66843,30,Private room,4
29332634,Private room (small) / double bed - centre Madrid,40.4191,-3.70341,80,Private room,4
21825511,Habitación en Centro de Madrid,40.41335,-3.70557,25,Private room,1
22665858,Alquiler habitacion Centro de Madrid,40.40633,-3.70048,43,Private room,0
35690998,Cozy penthouse with terrace in Lavapiés,40.4111,-3.70052,84,Entire home/apt,7
18610667,El Rincón de Imperial // SOL,40.41496,-3.70804,90,Entire home/apt,201
34884199,Perfect place for Champios,40.42315,-3.709330000000001,150,Private room,0
14943516,Espectacular Apartamento en el centro de Madrid,40.45386,-3.6815,90,Entire home/apt,52
34458409,RESIDENCIA A ESTRENAR EN MADRID HAB NDIVIDUALES,40.37964,-3.70666,30,Entire home/apt,1
36177051,GOYA - SALAMANCA,40.42671,-3.67743,79,Entire home/apt,1
32882483,"2 bedrooms in Chamberi "" Santa Engracia """,40.43295,-3.69721,180,Entire home/apt,4
36662151,Habitación doble con piscina,40.4953,-3.71416,60,Private room,0
10707563,"Habitación  luminosa en ático ,  Chamberí",40.44011,-3.70042,22,Private room,26
18582831,APARSOL ESTUDIO 217,40.41587,-3.70524,90,Entire home/apt,0
35157642,ORGULLO GAY 2019 MADRID,40.36698,-3.76177,250,Private room,0
18589308,HABITACIÓN CON BAÑO PRIVADO EN ESPECTACULAR PISO,40.42585,-3.67284,40,Private room,14
36012727,Apartamento en calle Alcalá,40.42608,-3.67188,90,Entire home/apt,0
18855589,"Room fun, wie Rumba!",40.40645,-3.60818,100,Private room,2
36090257,8 Habitación en Argüelles,40.43026,-3.71061,24,Private room,0
38305932,Stylish apartment in the center of Madrid,40.423,-3.7001,175,Entire home/apt,0
20046719,GOLDEN PLAZA MAYOR ~ PUERTA DEL SOL (WIFI/AC),40.41818,-3.70956,70,Entire home/apt,141
16621329,~NEW~ INCREDIBLE LOFT IN THE CITY CENTER,40.41096,-3.71087,90,Entire home/apt,39
2520679,APARTAMENTO EN BARRIO SALAMANCA,40.42429,-3.6654,90,Entire home/apt,83
7689476,Habitación 8 Céntrica Luminosa,40.42138,-3.70649,33,Private room,358
33188724,"Madrid centro Lavapiés-Latina, 4 personas",40.40899,-3.70611,70,Entire home/apt,2
18662487,Amplia y cómoda vivienda en Puerta del Ángel.,40.41346,-3.72883,60,Entire home/apt,3
27396661,"ATICO DE LUJO CON PISCINA, TERRAZA Y VISTAS.",40.42077000000001,-3.7087,260,Entire home/apt,73
28242849,Axel City - 2 Pax,40.41203,-3.70148,999,Hotel room,6
20923402,Center City Sol Plaza Mayor La Latina Triangle,40.41102,-3.70805,55,Entire home/apt,190
30590489,COZY APT in the DISTINCTIVE district of  LasLetras,40.41271,-3.69439,60,Entire home/apt,32
20577647,Great double room 10 min from the airport/Ifema,40.4584,-3.65401,30,Hotel room,294
30461659,Alegre y luminoso  piso familiar en Retiro,40.41233,-3.66541,100,Entire home/apt,0
14421923,Double bedroom with extra work place and balcony,40.41235,-3.69539,23,Private room,27
30774074,Atico arniches,40.40627,-3.70829,90,Entire home/apt,36
18763030,Olavide IX,40.43605,-3.70192,65,Entire home/apt,3
38571403,***Lovely Double Room in Heart of Madrid***,40.41677,-3.71026,46,Private room,0
13079224,PRECIOSA HAB. BALCON en PLAZA CHUECA,40.42379,-3.69715,89,Private room,3
20815153,"***Studio Centre-Live-In Atocha-WiFi,A/C ***",40.40803,-3.69575,49,Entire home/apt,219
5715713,GUMERFLAT - CENTRICAL APARTMENT,40.41826,-3.70424,85,Entire home/apt,69
32280369,NEW. Moderno y elegante apartamento céntrico.,40.39698,-3.66526,63,Entire home/apt,44
15979020,"At home in the Centre of Madrid, Chueca",40.42485,-3.69816,90,Entire home/apt,26
34591508,Acogedor duplex  en plena Gran Vía,40.41849000000001,-3.69758,150,Entire home/apt,4
3745044,Habitación 5 individual,40.4273,-3.69472,45,Private room,2
25376597,Habitacion matrimonio,40.4308,-3.64769,35,Private room,3
34859344,habitacion privada cerca metro acojedora y limpio,40.39144,-3.65058,300,Private room,0
34473228,Cozzy and confortable room,40.43447000000001,-3.71651,32,Private room,4
22317943,Apartamento *NUEVO* para 8 a 5 min de Plaza Mayor,40.41075,-3.7023,120,Entire home/apt,51
20059562,Habitación con baño privado,40.47277,-3.57437,35,Private room,50
32696871,Feel the heart of Madrid,40.4069,-3.70288,28,Private room,23
25469328,Bright lovely flat near Atocha,40.40293,-3.69252,42,Entire home/apt,3
37662178,Apartamento exterior en el centro de Madrid,40.40948,-3.703230000000001,65,Entire home/apt,2
17163932,I LOVE MADRID GRAN VIA - SILVA,40.40909,-3.70947,69,Entire home/apt,164
21653334,NEW APARTMENT PLAZA DE ESPAÑA,40.42956,-3.72072,90,Entire home/apt,49
28243786,Axel Premium - 1 Pax,40.41203,-3.70016,999,Hotel room,0
30155642,HABITACIÓN FRIENDLY EN CUATRO CAMINOS,40.44931,-3.707,20,Private room,8
16309813,Tu casa en Gran Vía. 2habs. WIFI. Ascensor. AA,40.42066,-3.70566,150,Entire home/apt,168
23658671,FROM MADRID TO THE SKY,40.44625,-3.68925,300,Entire home/apt,19
36315018,Private centric APARTMENT- PRIVADO PAREJA COMPLETO,40.40914,-3.69966,55,Entire home/apt,1
11748751,ROOM JUST PERFECT AT HOME. ALL BILLS INCLUDED!,40.40268,-3.61207,22,Private room,12
29140374,Cozy and newly renovated apartment in Madrid,40.43294,-3.6424,65,Entire home/apt,21
37194661,Luminoso apartamento en el distrito de Salamanca,40.43617,-3.67173,95,Entire home/apt,0
6575326,Spacious room in Attic,40.39768,-3.71799,45,Private room,0
31229298,Habitación en Casco Histórico Barajas,40.47489,-3.5811300000000004,36,Private room,45
282196,"COZY FLAT, SANTA ANA,40m2,WIFI (I)",40.41454,-3.70121,59,Entire home/apt,62
28130214,FAMILY ROOM - JUST ACCOMMODATION,40.41708,-3.70821,60,Hotel room,0
18016295,Habitación en zona tranquila y bien comunicada,40.36931,-3.71845,25,Private room,92
33686014,Bonita habitación acogedora,40.46651,-3.72432,19,Private room,1
19980478,"Stylish and central one-bedroom, balcony, AC!",40.42661,-3.69859,1000,Hotel room,0
33130486,Dormitorio Luminoso y acogedor,40.42475,-3.64965,20,Private room,5
22628570,Oportunidad en Madrid,40.42379,-3.70869,40,Entire home/apt,2
1075749,"Place&Price:Amazing Location,70m2,2rooms,Wifi,XBOX",40.41609,-3.70601,150,Entire home/apt,74
15812097,Apartamento con piscina -Barrio Salamanca-,40.4334,-3.67396,51,Hotel room,100
5536897,Apartment downtown area,40.40566,-3.7006,40,Entire home/apt,8
34858758,Private Room in Centric Neighborhood,40.41458,-3.66965,125,Private room,1
35345989,Habitación Privada en Lavapiés,40.41077,-3.69931,100,Private room,0
12372190,Precioso piso en Lavapiés.,40.40553,-3.70218,60,Entire home/apt,7
23430485,Claudio Coello,40.42497,-3.68624,220,Entire home/apt,8
20794698,APARTAMENTO EDIFICIO VINTAGE INDUSTRIAL,40.45885,-3.70996,70,Entire home/apt,86
31634539,Habitación soleada con minibar y smart tv,40.37953,-3.69235,22,Private room,19
37561369,Corralita madrileña,40.40429,-3.71625,25,Private room,0
35260078,"Las tres “B” (BUENO, BONITO Y BARATO)",40.43143,-3.61557,100,Private room,3
21921308,Habitación calle cuchilleros,40.41535,-3.70716,40,Private room,0
16075599,M (CAS28) Coqueto Duplex Reformado,40.45376,-3.70578,83,Entire home/apt,3
20943561,"Habitación grande, luminosa y con encanto.",40.40393,-3.70145,47,Private room,25
36826720,Luxury Apartment museum mile. Air condicioning,40.41322,-3.69697,149,Entire home/apt,0
36087668,La Paz Market 4 C Madrid Salamanca quarter,40.42817,-3.68637,90,Entire home/apt,3
27104486,Beautiful duplex with large terrace in the center,40.44912,-3.69949,96,Entire home/apt,9
17207898,⭐NEW UNIQUE VIEWS⭐CENTER PLAZA MAYOR-SOL -GRAN VIA,40.41559,-3.70247,140,Entire home/apt,128
11371812,Apartment district RETIRO Park-Salamanca-GOYA,40.42614,-3.67856,98,Entire home/apt,45
7219514,DUPLEX PENTHOUSE BIG TERRACE CLOSE TO PALACIO REAL,40.41177,-3.7284,100,Entire home/apt,21
11050061,Precioso duplex cercano al centro.,40.38783,-3.70081,20,Private room,7
23128302,Habitación formidable en Madrid España,40.45891,-3.70289,23,Private room,41
15556285,Apartamento de 1 habitación en el centro de Madrid,40.4314,-3.67234,56,Entire home/apt,9
24672291,"Bonito piso .Muy luminoso, nuevo",40.44748,-3.5957800000000004,100,Private room,19
24509880,Gran Vía III,40.42119,-3.70711,88,Entire home/apt,2
10793671,"Madrid Centro, Museums, Wifi,Pkg_",40.40871,-3.69823,35,Entire home/apt,4
38023624,Comfortable Duplex close to the metro station Bilbao (SAGBIN),40.42952,-3.69997,1262,Entire home/apt,0
35229236,Cozy place calle Pozas - Malasana - 28004 Madrid,40.42602,-3.70771,69,Entire home/apt,12
23443341,Palacio Real Suite - MadFlats Collection,40.41249000000001,-3.71552,75,Entire home/apt,25
13874765,Outstanding 2BD 2BTH- Malasaña,40.42734,-3.70339,145,Entire home/apt,112
32402931,Olala MAD Apartment 1A,40.39584,-3.66252,39,Entire home/apt,9
22646723,M (MPA14) Apartamento Nuevos Ministerios,40.44483,-3.695980000000001,155,Entire home/apt,1
10206299,Apartment Callao/Gran Vía,40.42149000000001,-3.70479,100,Entire home/apt,0
4015291,"Fantasticas habitaciones, ",40.42493,-3.70693,55,Private room,0
17709941,Piso exclusivo en el barrio Goya,40.42739,-3.67751,160,Entire home/apt,18
32828052,Cómodo apartamento Chueca Madrid CENTRO,40.42335,-3.69907,46,Entire home/apt,9
32859333,Beautiful Doble Room at Vincci Via66 ****,40.42288,-3.70782,2000,Private room,1
30500564,MADRID 15 min centro Wifi,40.43784,-3.643580000000001,14,Shared room,0
24747162,Habitacion tranquila,40.3733,-3.61935,22,Private room,58
23747196,Habitación en Chamartín estación,40.47339,-3.686830000000001,125,Private room,7
34672572,1Bedroom apartment in Atocha - Wanda Metropolitano,40.41185,-3.69767,500,Entire home/apt,0
29303179,Double Room TV cerca  Atocha-Retiro-Estacion Sur,40.40135,-3.66166,26,Private room,29
11291438,APARTAMENTO-ESTUDIO LUJO 22 CENTRO PUERTA DEL SOL,40.4192,-3.70654,59,Entire home/apt,252
13427874,La terraza del Retiro II,40.40621,-3.67988,246,Private room,4
23668195,"""La Violetera"" oasis in the historic center",40.40815,-3.71196,90,Entire home/apt,31
1865189,Madrid City Center. Double Room,40.43467,-3.70698,100,Private room,9
28776319,Habitación  cerca de Atocha - Retiro -Estación Sur,40.40141,-3.6624,18,Private room,3
25418901,Acogedor piso para visitar Madrid,40.44134,-3.68004,250,Entire home/apt,0
34946049,Spacious Private Double Room With a Balcony,40.46012,-3.70004,89,Private room,0
35080825,Final Champions,40.47022,-3.58563,500,Private room,0
12004814,Estupendo y tranquilo apartamento junto al Rio,40.4005,-3.722,48,Entire home/apt,33
32299628,HELLENHOST -  DÚPLEX BERNABÉU DELUXE,40.45474,-3.70651,80,Entire home/apt,0
33764352,Como tu casa 5-2,40.39469,-3.661,23,Private room,10
34741622,Appartment for Final Champions,40.42183,-3.70125,500,Entire home/apt,0
32747079,Great Apt  Chamberí/Moncloa/Malasaña,40.43166,-3.70849,98,Entire home/apt,0
31183321,Plaza España Apartment,40.41938,-3.70141,170,Entire home/apt,10
35158853,Vicky’s house,40.43213,-3.66603,999,Private room,0
17839999,Brand new & Cozy 1BD - City Center (Pza Santa Ana),40.41448,-3.7006,75,Entire home/apt,62
31466257,Preciosa habitación compartida en Madrid centro 7,40.42608,-3.70801,15,Shared room,0
29448040,Cozy place in a chill yet vibrant neighborhood,40.44677,-3.67773,70,Entire home/apt,4
18761979,Latina XII,40.41024,-3.70959,90,Entire home/apt,20
19022537,"Lindo estudio para tu estancia en Madrid,( wifi)",40.46414,-3.63047,60,Hotel room,321
26148125,LATINA XIII - PLENO CORAZÓN DE MADRID,40.41291,-3.70765,81,Entire home/apt,13
18644774,Bright Apartment in center of Madrid,40.4016,-3.6967,200,Entire home/apt,0
36334162,Cama sin hacer por vagancia,40.41644,-3.70024,100,Private room,0
30389887,Apartment in Madrid-5PAX-,40.42147,-3.70334,70,Entire home/apt,22
17623125,Studio Clásico 5,40.41744,-3.704380000000001,150,Entire home/apt,4
20491478,Cozy room center of Madrid/Habitación privada,40.437,-3.6997,33,Private room,27
15923614,Close to the center､Atocha Station,40.40651,-3.67994,27,Private room,2
3254399,Centro Madrid  Olivar- con Encanto,40.41085,-3.7028,70,Entire home/apt,24
34248945,Habitación exterior con baño privado en Entrevías,40.37374000000001,-3.67069,16,Private room,2
20807349,DOUBLE ROOM / CENTER MADRID WITH EXTERNAL BALCONY,40.40562,-3.71184,26,Private room,111
27820967,Enjoy Madrid Apartment,40.40924,-3.6998,75,Entire home/apt,9
531677,Bright room in the Gran Via!!!!,40.42216,-3.70123,34,Private room,483
13651618,"Habitación grande, con baño, en centro histórico",40.41287,-3.71278,50,Private room,24
22759604,Downtown Apartment in Calle de Atocha,40.41259,-3.69986,70,Entire home/apt,76
13297758,Fancy apartment in Chamartin,40.46292,-3.6817,47,Entire home/apt,223
33332990,Intimate and unique retreat| PLAZA MAYOR | Wifi,40.41691,-3.70903,50,Entire home/apt,22
14664093,Piso Madrid junto a Escuela Estud. Fisc. y RFEGolf,40.48174,-3.73887,100,Entire home/apt,5
25190452,Piso en Madrid Centro,40.4865,-3.68817,20,Entire home/apt,1
24700044,"***Salty Cristal Room in Heart of Madrid, Sol***",40.41799,-3.70994,36,Private room,32
36838016,Casa económica en Barrio Salamanca cerca de Goya,40.42944,-3.67586,70,Entire home/apt,1
19240525,PISO 3 HABITACIONES EN PLENO CENTRO DE MADRID,40.41097,-3.698830000000001,90,Entire home/apt,8
26482420,Una casa tranquila en Madrid y muy bien comunicada,40.43282,-3.65411,24,Private room,9
18318430,"Solo mujer, baño individual,ideal estudiante.",40.40002,-3.75604,20,Private room,7
22091110,ÁTICO apartamento  en SOL / PLAZA MAYOR,40.41712,-3.70518,75,Entire home/apt,39
34812755,Habitación cerca Wanda y Aeropuerto Barajas,40.4463,-3.57096,75,Private room,0
38445772,Piso ubicado en un lugar estratégico de Madrid,40.44752,-3.67149,30,Private room,4
18020461,SMART HOUSES CHUECA 31 WIFI,40.42342,-3.69615,55,Entire home/apt,69
20049518,Piso en Santa Maria,40.41181,-3.6971,39,Entire home/apt,0
35051564,Large luminous apartment next to Santiago Bernabeu,40.46091,-3.68084,152,Entire home/apt,0
35854322,Apartamento coqueto en el corazón de Madrid,40.41349,-3.70639,83,Entire home/apt,0
36753173,Tree house's room,40.41282,-3.6992,40,Private room,0
37521974,CÓMODO APARTAMENTO 4PAX ZONA AEROPUERTO,40.44742,-3.57706,48,Entire home/apt,0
15715749,habitacion cerca del bernabeu,40.46234000000001,-3.68489,70,Private room,0
985160,LowCost&Confortable flat in SOL,40.41315,-3.70307,65,Entire home/apt,19
33061197,Beautiful Double Room Vincci Soho****,40.41392000000001,-3.69848,2500,Private room,2
35135651,Excellent apartment in CASA DE CAMPO-4 PAX-WIFI,40.40809,-3.74466,50,Entire home/apt,8
13748690,Maravilloso apartamento en el centro de Madrid.,40.40949000000001,-3.69925,40,Entire home/apt,68
37892640,"¡HOLA! The Nicest, Comfiest Penthouse In The City",40.43526,-3.69152,60,Private room,2
22805686,Piso de lujo con maravillosas estancias en Madrid,40.42396,-3.700180000000001,399,Entire home/apt,15
7845373,EXCLUSIVE 3 BEDROOMS APARTMENT IN CITY CENTER/SOL,40.41589000000001,-3.7112,315,Entire home/apt,64
28757041,Gorgeous apartment in Conde Duque,40.42901,-3.70873,100,Entire home/apt,1
5401165,APARTAMENTO CHUECA,40.41996,-3.69781,90,Entire home/apt,0
22656126,Habitación Temporal,40.40164,-3.695,16,Private room,0
34107109,DOBO ROOMS ESTRELLA,40.42266,-3.70551,168,Entire home/apt,0
33928714,Elegant & Cozy 3 Bed 2Bath in the lovely La Latina,40.40816,-3.71178,65,Entire home/apt,4
102040,Nice Single Room with wifi.,40.43331,-3.64355,20,Private room,0
29348826,Apartamento Frente Madrid Río.,40.4009,-3.71347,90,Entire home/apt,31
32509148,Habitación doble con baño privado.,40.40265,-3.66667,50,Private room,10
28225841,"Habitación en piso grande, limpio y tranquilo",40.40935,-3.6983,42,Private room,2
23802848,Unique & Exclusive Flat in Gran Via,40.4218,-3.70845,130,Entire home/apt,35
32962398,Habitación en Gran vía Madrid Centro  - WIFI,40.42172,-3.70962,27,Private room,71
22839008,Latina Boutique Penthouse,40.40875,-3.70599,69,Entire home/apt,17
36367724,Excelente ubicación para Gay Pride,40.43706,-3.71535,300,Private room,0
2179527,Beautiful apartment 4 PAX. In Gran Vía,40.42104000000001,-3.70844,60,Entire home/apt,136
17146094,Coqueto Apartamento en Chamberí/Salamanca,40.43491,-3.69089,94,Entire home/apt,0
23681849,Great apartment up to 6 people close to fine arts circle Madrid.,40.41963,-3.70075,140,Entire home/apt,0
21290917,Acogedor Castellana/Azca/Nuevos Ministerios,40.45075,-3.70011,65,Entire home/apt,98
33838118,"Central Latina 2 BR, 2 Bathrooms, 6 people",40.41282,-3.70963,90,Entire home/apt,31
32150384,40m2- Reformed apartment in Madrid -4PAX,40.44997,-3.708,60,Entire home/apt,23
32299128,Céspedes,40.3444,-3.69231,40,Private room,0
33065919,Stylish 2 Bed Apt in Puerta del Angel,40.41245,-3.73142,57,Entire home/apt,4
754678,APARTMENT IN THE CENTRE OF MADRID. ,40.41233,-3.69649,135,Entire home/apt,236
36345043,Habitación en pleno barrio de Chueca,40.42282,-3.6955,170,Private room,0
32978763,"Súper céntrico, amplio y confortable",40.41532,-3.70141,100,Entire home/apt,22
34734214,Modern double room near Wanda Metropolitano,40.42908,-3.63893,560,Private room,1
19806658,Usama,40.48069,-3.71256,34,Private room,0
38159719,Tranquilidad para su estancia.,40.39933,-3.64314,18,Private room,0
32843234,Habitación amplia y muy bonita,40.45962,-3.699980000000001,24,Private room,26
38407374,Nice and clean room in bohemian apartment,40.38766,-3.66956,29,Private room,0
27067242,Moderno Hostal Centro Madrid Atocha 4,40.41232,-3.70145,40,Hotel room,12
36827709,Habitación de Lujo Doble. Madrid centro,40.41984,-3.6981,39,Private room,4
33744947,Coqueto y tranquilo piso junto a la Plaza Mayor,40.41516,-3.70555,89,Entire home/apt,8
19444971,"Piso Barrio de Salamanca, muy bien comunicado",40.43584,-3.68579,60,Entire home/apt,17
23301767,Apartment in Cava Baja (Centre Madrid),40.4124,-3.70745,80,Entire home/apt,84
34860098,Room Champions Final Madrid,40.44471,-3.68163,550,Private room,0
9017283,Live&Enjoy La Latina Apartment,40.41454,-3.7088,60,Entire home/apt,115
21026060,Comfortable room in Salamanca/Retiro Park,40.42208,-3.6788,34,Private room,1
28890516,Confortable piso en barrio de Las Letras/Cortes,40.41559,-3.69683,80,Entire home/apt,16
4023226,LUXURY PENTHOUSE +TERRACE+ POOL,40.43467,-3.61946,68,Entire home/apt,251
211444,Private Room in a Sunny and Luxuriously Appointed Apartment,40.45856,-3.64811,55,Private room,100
20991553,Habitación privada amplia y luminosa,40.39371,-3.66118,38,Private room,28
28538481,Exterior Gran vía,40.42191,-3.70354,69,Hotel room,4
6859839,Downtown PUERTA DEL SOL Preciados 2C,40.41725,-3.70387,159,Hotel room,74
19881317,Atractiva buhardilla,40.41186,-3.70611,35,Shared room,0
18187458,Cute Single Room in LA LATINA (only for one),40.40915,-3.70956,35,Private room,6
22285510,Casa de Lujo + Desayuno (+ transporte aeropuerto),40.48074,-3.5760300000000003,85,Private room,0
7722156,Habitación doble zona Goya,40.42487,-3.67499,35,Private room,35
34608790,Private room in Madrid near the Wanda Stadium,40.42545,-3.65873,250,Private room,0
37558426,APARTAMENTO ENTERO  CONFORTABLE Y PRACTICO,40.39716,-3.71956,45,Entire home/apt,2
19055904,HABITACION PEQUEÑA EN EL CENTRO DE MADRID,40.41115,-3.69831,25,Private room,48
2113275,HORTALEZA APARTAMENTO,40.42193,-3.70071,57,Entire home/apt,123
15233288,Night in Madrid,40.43295,-3.71666,500,Entire home/apt,0
20032874,Solfai Vacacional 11,40.4087,-3.71242,60,Entire home/apt,71
22862030,"Privada,doble,centro. Centric double private room.",40.40903,-3.69755,24,Private room,40
32248779,Bright apartment in the heart of Malasaña,40.42697,-3.70649,87,Entire home/apt,26
25470124,Habitación en ático con terraza,40.44344,-3.70275,39,Private room,31
14528986,Suite/ Madrid,40.42057,-3.70121,65,Private room,13
29697112,Piso de 2 habitaciones con A/C en Zofío (AP1EX),40.38019,-3.71521,1262,Entire home/apt,0
2162534,STUDIO IN LAVAPIES - ,40.40934,-3.70227,50,Entire home/apt,308
36997967,Salamanca neighborhood double room with gym 409,40.42578,-3.68448,45,Hotel room,2
29045022,Bright & Cozy Studio Sleeps 4 in Madrid's Center,40.42542,-3.70565,60,Entire home/apt,38
15494420,Ático 2 dormitorios en el corazón de Chamberí,40.43447000000001,-3.691,170,Entire home/apt,1
32827018,Luxury W/Stunning views Jerónimos-El Retiro-Prado,40.40798,-3.68998,80,Entire home/apt,23
23497627,Goya,40.42478,-3.6783,90,Entire home/apt,8
32978360,Spacious apartment in Plaza Mayor - Coloreros 1,40.4174,-3.70616,220,Entire home/apt,20
8530533,Odonell Loft,40.42383,-3.66509,90,Hotel room,12
1275293,Alquiler Piso Madrid,40.44791,-3.6611,80,Entire home/apt,47
34732165,Champions L! Double room close to stadium & center,40.42824,-3.647380000000001,170,Private room,0
16738705,PLAZA MAYOR Luxury House (4BR 3.5BT),40.4126,-3.70354,400,Entire home/apt,71
23902468,COZY ROOM & PRIVATE BATHROOM,40.45358,-3.69801,38,Private room,47
31984983,Olala MAD Apartment 3A,40.39554,-3.66271,39,Entire home/apt,5
755535,SINGLE BED & VERY NICE GREEN ROOM.,40.42789000000001,-3.61486,42,Private room,15
37424557,Alquier Habitación Cama Doble en Goya,40.42383,-3.67285,33,Private room,0
38454414,LC APARTAMENTO GENERAL ALVAREZ B,40.43551,-3.70237,70,Entire home/apt,0
34175042,RESIDENCIA A ESTRENAR 50 HABITACIONES MADRID,40.38403,-3.70488,30,Entire home/apt,1
23706878,Apartamento nuevo con piscina en Carlota O´Neill,40.44356,-3.65011,120,Entire home/apt,2
24258981,"4 TORRES-H. ""LA PAZ""-SANTIAGO BERNABEU-REAL MADRID",40.48602,-3.68722,24,Private room,69
26150481,Habitación Privada en casa céntrica,40.45135,-3.70873,25,Private room,9
35994253,Apartamento Miguel Servet,40.40839,-3.70152,75,Entire home/apt,0
36167777,7 Habitación en Goya,40.42315,-3.67573,20,Private room,0
14863261,Rent Room 15min from Chueca,40.42979,-3.67667,44,Private room,1
38727654,Apartamento Confortable a 300 m de la Gran Vía.,40.42182,-3.70336,75,Entire home/apt,0
37007643,Chic Apartment Madrid Goya C / Gral. Diaz Porlier,40.42832,-3.67706,116,Entire home/apt,4
1630249,Vistas únicas Madrid. Estudio p.20º,40.42737,-3.71537,80,Entire home/apt,6
16413001,Habitación Centro de Madrid,40.40282,-3.70256,25,Private room,22
37322023,Habitación indiv. Junto al metro Guzmán el Bueno,40.44551,-3.711230000000001,25,Private room,0
34876208,Sweet apartment in the hearth of downtown Madrid.,40.40652,-3.70224,49,Entire home/apt,2
26423501,Amazing NEW CENTER - TRIBUNAL,40.42747,-3.70111,75,Entire home/apt,37
34862450,Oasis in the City Center,40.43139,-3.70243,70,Entire home/apt,12
5693866,Apartamento para 8-super sitio!,40.41503,-3.71176,129,Entire home/apt,59
30322108,Charming Puerta de Toledo - Renovado por completo,40.40511,-3.7089,75,Entire home/apt,3
27771450,HABITACIÓN PRIVADA A  DIEZ MINUTOS DE Sol,40.38334,-3.66726,25,Private room,17
34732404,Mirador de Huertas -3,40.41343,-3.69753,100,Entire home/apt,4
34859392,Apartamento acogedor en Madrid,40.37372,-3.6305,60,Private room,1
35109132,Habitación cerca del centro de Madrid,40.40065,-3.63753,250,Private room,0
35224974,Habitación aluche,40.39325,-3.75973,50,Private room,0
19098680,Great 2 bdrms apartment in the city center. 4B.,40.42531,-3.70759,105,Entire home/apt,4
8231932,"Económica, tranquila, 30min al centro",40.37888,-3.75511,26,Private room,11
16265296,"Cozy room, the best area of Madrid",40.42663,-3.70053,40,Private room,118
37379494,New Luxury Atocha Apartment,40.40178,-3.69217,65,Entire home/apt,1
23581579,Clean Double bedroom in Sol,40.41364,-3.7037,29,Private room,0
7648651,,40.41371,-3.71928,80,Private room,31
18474084,Rincón del Amor. Fin de semana romantico  jacuzzi,40.42332,-3.70294,65,Entire home/apt,58
19537644,GRAN VÍA CITY CENTER,40.42037,-3.69988,55,Entire home/apt,62
34550604,"Perfect flat for Champions, 8 minutes to wanda",40.4275,-3.65645,300,Private room,0
36110845,Moderno Apartamento con Wifi y A/A,40.44706,-3.67464,60,Entire home/apt,6
23120646,"Room in madrid, habitacion a 20 min del centro",40.47317,-3.64906,20,Private room,49
10442917,Apartment in Felipe II square,40.4237,-3.67362,150,Entire home/apt,0
26436436,BRAND NEW COZY 1 BR next to Gran Via,40.42253,-3.71087,62,Entire home/apt,22
19919360,"Centro, Madrid.  Que cerca esta todo !!!!!",40.40675,-3.70321,68,Entire home/apt,101
35088353,Estadio Wanda Metropolitano Teléfono (Phone number hidden by Airbnb),40.43982000000001,-3.62513,1000,Entire home/apt,0
16021966,MALASAÑA Apartment I (2BR 1BT),40.42716,-3.70523,77,Entire home/apt,124
35409710,Verdadero Centro Turístico y de Negocios en Madrid,40.46297,-3.68839,85,Entire home/apt,1
34584155,SOL LUXURY V,40.41577,-3.70296,180,Entire home/apt,0
14317189,Tu habitación muy cerca del Centro y Atocha,40.40292,-3.67577,26,Private room,283
11338228,El corazon de Lavapies,40.41071,-3.69963,41,Entire home/apt,3
35161664,"Habitacion individual , para final champion",40.42978,-3.60261,180,Private room,0
18474795,Acogedora habitación doble a 15 minutos del centro,40.37182,-3.69201,36,Private room,32
22667564,"Central, quaint studio is perfect for foodies!",40.44012,-3.70015,33,Entire home/apt,5
22464399,Single room in Madrid city-Champions League Final,40.48117,-3.71608,85,Private room,5
36993159,"Room in the heart of Madrid, La Latina!",40.41191,-3.70664,50,Private room,1
18762537,MadVille VIII,40.41109,-3.70366,100,Entire home/apt,14
11752865,Piso amplio y muy bien comunicado,40.45925,-3.67547,100,Entire home/apt,23
35442455,Apartamento cercano al centro de Madrid.,40.39679,-3.77273,42,Private room,3
18138583,Habitacion Amplia cerca  Madrid Rio,40.39848,-3.7181,28,Private room,2
3368882,Sunny Bedroom in the center of Lavapiés,40.40853,-3.70084,40,Private room,2
34780775,Apartamento nuevo centro - La Latina,40.40546,-3.71187,99,Entire home/apt,3
20495632,Apartamento a 9min del Estadio WANDA METROPOLITANO,40.42717,-3.62172,50,Entire home/apt,63
16746472,"APARTMENT IN THE CENTER,LAVAPIES,WIFI,AC,7PAX!",40.40881,-3.70216,80,Entire home/apt,121
21248209,Habitación en Guzmán el Bueno - Cuatro Caminos,40.4481,-3.70737,23,Private room,0
23212335,Habitación en ático en Retiro-Atocha (women only),40.40404,-3.67847,32,Private room,6
35120054,PRECIOSO RASTRO DISEÑO,40.40981,-3.70271,59,Entire home/apt,3
22142204,APTO. VISTAS PALACIO REAL / CALLE PRINCESA,40.42427,-3.71388,500,Entire home/apt,1
15925772,"""FUNWAY"" Fantastic Residence North Madrid Area",40.45803,-3.6989,50,Private room,18
30816105,ESTUDIO BOHEMIO EN CASCO HISTÓRICO,40.41138,-3.70448,60,Entire home/apt,0
18783234,Chamberi V,40.43184,-3.70355,60,Entire home/apt,8
24768989,Empieza el verano con terraza,40.39638,-3.66199,30,Private room,3
17726181,Apartamento junto a Palacio Real,40.41685,-3.70911,75,Entire home/apt,10
13314760,"Habitacion Madrid, 1 o 2 Personas.!",40.39724,-3.66174,21,Private room,2
27823056,SEXTO,40.42531,-3.69724,110,Entire home/apt,0
5931632,Alegre Habitacion luminosa y Baño,40.47452,-3.66569,21,Private room,5
30793019,Acogedor y precioso estudio en Bravo Murillo.,40.45073,-3.70245,55,Entire home/apt,8
5009543,2 bedroom apartment in Malasaña,40.42315,-3.70201,78,Entire home/apt,7
21067111,Studio cómodo iluminoso,40.43705,-3.67371,69,Entire home/apt,29
15158098,Cool loft near university- Bikes & Wifi+ Netflix,40.43139,-3.72043,50,Entire home/apt,110
25794306,Cozy apartment in Plaza España,40.42536,-3.71426,41,Entire home/apt,14
21525256,GRAND LUXURY APARTMENT BY EL PRADO MUSEUM,40.41277,-3.69016,280,Entire home/apt,6
18151441,Exclusive apartment Justicia/Chueca neighborhood,40.4267,-3.69732,225,Entire home/apt,41
12460481,Bullring 10 minutes to city centre with AC & WiFi,40.42896,-3.66316,100,Entire home/apt,119
35607409,Nice Spacious Room,40.46191,-3.70401,30,Private room,0
34269558,2-2.Habitacion con baño privado barrio salamanca,40.4221,-3.66626,50,Private room,1
21497815,Coqueta y tranquila habitación privada.,40.40663,-3.70207,30,Private room,27
31968867,CUTE STUDIO MAD CENTER,40.40975,-3.7063,44,Entire home/apt,16
33737672,Atocha apartment. Luminoso/silencioso. WIFI. A/C.,40.41018,-3.6969,49,Entire home/apt,18
19994180,Cool and cozy apartment !! Outstanding location,40.42275,-3.70714,40,Entire home/apt,42
15630333,Apartamento Gran Via,40.42088,-3.70284,90,Entire home/apt,109
7169803,"Nice, confy close 2 airport & IFEMA",40.46532,-3.63275,65,Entire home/apt,5
163429,Centrical loft in Madrid (Chamberi),40.43628,-3.70526,65,Entire home/apt,8
26240877,ESPERANZA,40.41046,-3.70004,90,Entire home/apt,7
704155,Apartment  in the center of Madrid,40.41331,-3.7051,73,Entire home/apt,232
23281523,"4 TORRES-H. ""LA PAZ""-SANTIAGO BERNABEU-REAL MADRID",40.47733,-3.68427,55,Entire home/apt,47
33311625,"HABITACION DOBLE, ESPACIOSA. CENTRO",40.4115,-3.70062,30,Private room,28
34813309,Conde Duque LOft,40.42708,-3.71107,43,Entire home/apt,1
35022207,Wonderful Studio with A/C in Arguelles (RSP),40.43262,-3.7169,1262,Entire home/apt,3
17210019,Habitación privada con zona de estudio o trabajo,40.35816,-3.69524,15,Private room,0
27588256,Velázquez X - Bonito apartamento de 1 dormitorio,40.42616,-3.68352,181,Entire home/apt,0
34940134,Estudio cercano Pza Castilla con plaza de garaje.,40.46375,-3.70134,75,Entire home/apt,2
21939189,"LUXURY APARTMENT RETIRO, BARRIO DE SALAMANCA",40.41782,-3.67441,105,Entire home/apt,49
17747935,madridEASYSTAYapartment,40.42427,-3.71,80,Entire home/apt,9
16234096,Apartment for 4 persons in the city centre,40.41108,-3.70607,130,Entire home/apt,6
21201191,Gorgeous attic in the north of Madrid,40.5045,-3.70305,158,Entire home/apt,3
13669166,Ideal central and modern studio apartment!,40.41052,-3.69672,40,Entire home/apt,2
34835986,Apartment in the center,40.40755,-3.7082,500,Entire home/apt,0
35051067,Spacious room with living room on the side,40.42094,-3.67743,200,Private room,0
1775014,Charming & very well located,40.42283,-3.69611,70,Entire home/apt,2
31374119,Lovely and chic 1 Bed apt next to Atocha,40.40164,-3.69303,68,Entire home/apt,3
19171342,Luxury apartment in Barrio de Salamanca,40.43003,-3.68334,368,Hotel room,18
37275362,LC APARTAMENTO GENERAL ALVAREZ-ESTUDIO B,40.43,-3.69616,200,Entire home/apt,2
21581381,地铁出口Madrid family accommodation single room,40.38381,-3.71411,39,Private room,0
37530813,Siéntete como en casa,40.42773,-3.61135,50,Private room,1
34713829,Final de la Champions League,40.3896,-3.66978,2400,Private room,1
22490441,Private room in the heart of Madrid,40.41237,-3.71021,40,Private room,31
24765173,GRAN VIA - PLAZA ESPAÑA DESIGN & COMFORT,40.42275,-3.7107,59,Entire home/apt,57
18195322,Center Home Madrid  2,40.40311,-3.67829,53,Entire home/apt,163
30345883,"Apartamento en calle Preciados, centro Madrid",40.41706,-3.70327,100,Entire home/apt,1
38251655,Cosy private room,40.43435,-3.71309,25,Private room,0
7519381,Vistas excepcionales y baño privado,40.44493,-3.69949,49,Private room,0
14921660,Exclusive design apartment in MALASAÑA,40.4229,-3.70282,65,Entire home/apt,188
26887627,Double Room+ (Queen-Size Bed)/Madrid-Ciudad Lineal,40.44065,-3.64146,16,Private room,10
18762505,MadVille Attic I,40.4107,-3.70399,85,Entire home/apt,11
34824697,Atocha Station Apartment,40.40209,-3.69194,980,Entire home/apt,1
34416428,Loft en el centro  con doble balcon independiente,40.40949000000001,-3.70139,90,Entire home/apt,48
35856360,ESTUDIO CON BALCON- LA LATINA,40.40915,-3.70531,45,Entire home/apt,4
37679615,Apartamento moderno con encanto en pleno Chamberí,40.43699,-3.69792,65,Entire home/apt,0
13648336,Cozy apartment in the center of chueca,40.42013,-3.69846,100,Entire home/apt,0
34925146,EUFA CHAMPIONS LEAGUE FINAL MAY31-JUNE1,40.43702,-3.61901,300,Private room,0
23921480,Charming Rastro,40.40678,-3.70498,80,Entire home/apt,41
35118993,Nice room final champions,40.40638,-3.7544,150,Private room,0
2658189,Habitación en Martinez Campos,40.43504,-3.69097,65,Private room,1
26550190,Tranquilo estudio a 5 minutos de Atocha,40.40162,-3.69043,47,Entire home/apt,62
27888586,San José III,40.41365,-3.69616,60,Entire home/apt,3
34645697,"WANDA METROPOLITANO, FINAL CHAMPIONS, Private Room",40.43685,-3.61591,500,Private room,0
14411603,Escala Suites Family Room Madrid,40.45466,-3.61173,90,Private room,57
32898719,New Apartament Center Madrid Lavapies,40.40671,-3.70224,75,Entire home/apt,4
20981310,El pisito de LEO,40.3899,-3.66687,50,Entire home/apt,90
34990270,SUITE IN TRIPLEX APARTMENT . CHUECA,40.42069,-3.69744,45,Private room,0
30531971,Chic & Stylish 1BR Apartment | CENTRE,40.41127,-3.7138,51,Entire home/apt,55
31969504,Amplio piso de 2 habitaciones con A/C (STAE),40.44565,-3.70177,1262,Entire home/apt,0
33468754,Design apartment in Barrio Salamanca,40.42919000000001,-3.67682,180,Entire home/apt,3
36540951,Madrid Río 1,40.40747,-3.72022,18,Private room,0
28823822,"Studio Refurbished and Furnished in 2013, Exterior Facing With Balcony  GAR1EXDER",40.44803,-3.70696,1262,Private room,2
25811179,Encuentra el relax en este piso luminoso y colorido en la plaza de Castilla,40.46971,-3.69099,135,Entire home/apt,61
948963,Sun+Balcon+Light+Relax+Green24hWIFI,40.40699,-3.74025,26,Private room,189
38559055,LEEWAYS APARTMENT XXV in GRAN VÍA,40.42262,-3.70637,200,Entire home/apt,0
32708161,HABITACIÓN Madrid 15 min Centro,40.43736,-3.64307,20,Private room,0
33777881,Habitación Cómoda a 10 min de Atocha II,40.38505,-3.75712,25,Private room,0
1940231,Nice Room Madrid Center. Retiro-Museums-Atocha,40.40665,-3.68656,40,Private room,210
34644625,Room for couple. Tetuan zone. WANDA M direct line!,40.45749,-3.70746,225,Private room,0
16792237,"Piso acogedor, perfecto para visitar madrid.",40.4269,-3.72689,50,Private room,16
26049697,PLAZA DE ESPAÑA II - DOWNTOWN MADRID,40.42522,-3.71323,85,Entire home/apt,7
2150416,"Spacious Penthouse, 5p., Terrace, Sol, Plaza Mayor",40.41409,-3.70334,200,Entire home/apt,52
34557797,Luxury & Design in Chueca,40.42284,-3.69847,500,Entire home/apt,0
37115604,Habitación privada en Madrid,40.37481,-3.73267,60,Private room,1
26676353,H7 羚羊公寓5⃣️马德里市中心经济四人合租房间徒步旅游市区主要景点交通方便,40.41378,-3.69976,49,Shared room,1
30528118,Apartamento de 2 Dormitorios con Terraza y Vistas,40.40292,-3.73087,75,Entire home/apt,0
35366153,"Big double room,  near Malasaña, Sol and Chueca",40.42415,-3.6991,42,Private room,1
33617240,APARTAMENTO CHUECA MALASAÑA A 5 MINS DE GRAN VIA,40.42328,-3.70196,199,Entire home/apt,6
2588548,APARTMENT IN MADRID CENTER/RETIRO,40.42154,-3.67889,100,Entire home/apt,7
13921775,NUEVO: PUERTA DEL SOL. CENTER,40.41632,-3.70795,125,Entire home/apt,142
18517628,Luminous and quiet room to rent,40.38157,-3.66481,20,Private room,27
37941245,Beautiful exterior room in the center of Madrid,40.41131,-3.7085,40,Private room,0
27525090,Habitaciòn a 5 paradas de Plaza de España,40.39655,-3.76972,18,Private room,0
745609,Tanquility in the center of madrid,40.41274,-3.70106,110,Entire home/apt,98
7208137,B - PRIVATE ROOM CHUECA,40.4239,-3.69796,19,Private room,250
17488720,YOUR SWEET HOME,40.38636,-3.70306,70,Entire home/apt,20
14957501,"Spotless, Calm & Central.",40.42151,-3.71216,60,Entire home/apt,188
25716690,Solfai Vacacional 15,40.40636,-3.70245,60,Entire home/apt,13
28823668,ROOM with PRIVATE BATHROOM in a SHARED FLAT Built 2014 LEÑ4,40.45531,-3.70963,1262,Private room,0
21514093,Huge room in the heart of Chueca!,40.42219,-3.6989,300,Private room,3
32949625,Centro de Madrid,40.40819000000001,-3.69843,29,Entire home/apt,11
7642151,Fernando Sexto I,40.42611,-3.69555,67,Entire home/apt,0
1241739,Gran Via apartment III,40.42435,-3.7092,90,Hotel room,20
16671280,"Habitación doble con baño, zona IFEMA, Aeropuerto",40.44714000000001,-3.61391,50,Private room,2
6860952,Madrid Centro PUERTA DEL SOL Preciados 2A,40.41705,-3.70387,129,Hotel room,110
7431832,piso compartido,40.42164,-3.69954,50,Private room,0
25504365,Habitación cerca del centro y Wanda Metropolitano.,40.42574000000001,-3.62925,22,Private room,16
12490262,"Habitación doble, exterior 1",40.46347,-3.64927,30,Private room,42
20347373,Be a guest in the heart of Madrid.,40.414,-3.71928,90,Entire home/apt,14
30391110,Alojamiento Sanchinarro Madrid,40.49211,-3.66439,45,Entire home/apt,19
16423991,HABITACION COMODA Y ACOGEDORA,40.38151,-3.6998,25,Private room,60
8231834,"Habitación privada, acogedora, 30min del centro",40.37721,-3.75361,16,Private room,6
24124756,Habitacion doble en Glorieta Embajadores/Lavapies,40.40472000000001,-3.7013,60,Private room,11
310333,"Central, cute & Art Apartment",40.40779000000001,-3.69614,80,Entire home/apt,90
34271845,Duplex for 4PAX -CHUECA-BARBIERI- 4-5,40.42155,-3.69946,95,Entire home/apt,12
342952,Special price 29€ per.Center.Wifi U,40.4144,-3.70126,59,Entire home/apt,99
31431638,LEEWAYS LOFT IX in GRAN VÍA,40.42143,-3.70656,200,Entire home/apt,34
23274607,Habitación acojedora,40.46263,-3.71033,30,Private room,5
33969451,"Awesome Oasis, best location: Sol & Gran Vía",40.41925,-3.70314,69,Entire home/apt,20
13434343,APARTMENT MADRID CENTER SOL,40.41981,-3.70112,90,Entire home/apt,4
24249549,Elegant 4 bedrooms flat in the very City Center!!,40.41362,-3.71215,120,Entire home/apt,16
30923191,Habitación con piscina,40.43071,-3.606430000000001,17,Private room,2
17459678,Habitacion privada en apartamento compartido.,40.38481,-3.74328,25,Private room,89
30444603,EXCLUSIVE room 2 BEDS Gim indor-pool near Center t,40.44448,-3.67771,35,Private room,8
15545096,"Entire Place in Madrid, near Santiago Bernabeu",40.46452,-3.69248,40,Entire home/apt,5
2416770,"Santa Ana Classy II, 6 pax, 65 sq.m",40.41431,-3.70193,75,Entire home/apt,331
16730052,"INCREDIBLE FLAT, GREAT LOCATION BY PLAZA ESPAÑA !",40.42992,-3.71323,90,Entire home/apt,24
29385992,Privado,40.38832,-3.64539,50,Private room,3
18982814,Habitación doble en Calle Ferraz,40.42884,-3.71836,15,Private room,0
38044904,Habitación centro Madrid 1,40.43641,-3.70538,35,Private room,0
16014357,"Under roof studio in ""old"" Madrid II",40.4178,-3.71009,65,Entire home/apt,72
20706300,"City center! Charming, new! Wifi",40.41798,-3.70382,73,Entire home/apt,108
35181869,CHAMPIONS LEAGUE ROOM CLOSE TO WANDA AND AIRPORT!!,40.42119,-3.61559,390,Private room,0
20405836,Multipurpose Space Loft Type,40.44372,-3.67038,75,Entire home/apt,49
15532723,"CHIC AND COZY, FREE WIFI, NEAR METRO",40.43026,-3.65,55,Entire home/apt,118
5699523,Madrid Center Sunny Room wifi,40.40869,-3.70072,25,Private room,43
35047733,Duplex perfect location for 3 people in Madrid,40.43833,-3.69933,80,Entire home/apt,2
23286224,HABITACIÓN INDIVIDUAL.  CASA CON ENCANTO. MALASAÑA,40.4234,-3.70364,42,Private room,34
27751455,Rento,40.4988,-3.68866,450,Entire home/apt,0
29684864,Precioso Apartamento en el centro de MADRID,40.41188,-3.7019,100,Entire home/apt,33
31254291,Deluxe Apartment Juan Bravo Suites I,40.43469,-3.68197,170,Entire home/apt,7
13303553,"Exclusive neighborhood,cozy 2BD-CORTES City Center",40.41803,-3.69664,105,Entire home/apt,113
341939,Self-catering Apartment in Madrid,40.41047,-3.70207,55,Entire home/apt,164
31133458,La casita de kros,40.37792,-3.66488,27,Private room,12
23303365,"Madrid Art Centro, 2 Rooms, independent kitchen.",40.41164000000001,-3.69522,70,Entire home/apt,76
36029655,Habitacion  luminosa doble cerca Pza de Castilla.,40.47166,-3.69787,30,Private room,1
31431635,LEEWAYS LOFT XXI in GRAN VÍA,40.42256,-3.707980000000001,200,Entire home/apt,11
35192638,De Madrid Al Cielo,40.43553,-3.6979,20,Private room,4
35210337,CHAMPIONS LEAGUE,40.43422,-3.61895,1500,Entire home/apt,0
4440010,Estudio compartido c/cama individual en el salón,40.372,-3.61004,20,Shared room,12
30688660,Habitacion comoda h.6 m.v,40.44479000000001,-3.70137,20,Private room,0
19011445,Moderno apartamento en Plaza de España / Gran Vía,40.42463,-3.71381,65,Hotel room,141
35244215,Habitaciones final de la Champions,40.40756,-3.64701,600,Private room,0
35256010,Dulce Cama,40.38211,-3.70623,50,Private room,0
28062308,Luxury & Modern 2bed 2bath in the heart of Chueca,40.42218,-3.69679,121,Entire home/apt,43
34436771,Habitación en piso con jardín - Centro Madrid -,40.42872,-3.66566,52,Private room,2
11375664,Cerca a Madrid centro y aeropuerto,40.47594,-3.70498,13,Private room,2
30437655,UNIC APARTMENT 30 SECS TO GRAN VÍA (WIFI/A/C),40.42024,-3.70298,82,Entire home/apt,45
23551666,Piso en Avenida de Menendez Pelayo con garaje,40.40617,-3.68055,110,Entire home/apt,65
36473228,Lovely flat by renfe delicias close to atocha,40.39574,-3.69326,55,Entire home/apt,0
32959897,Studio Santo Domingo,40.41995,-3.70877,53,Entire home/apt,0
22985103,Gran Habitación para 4 personas en calle Gran Via,40.41873,-3.69908,40,Private room,32
32823090,Bonito apartamento en zona residencial (Aravaca),40.45069,-3.76935,39,Entire home/apt,4
31968730,Acogedor Estudio con Parking en Tetuan,40.46047,-3.70101,48,Entire home/apt,28
17073563,ACOGEDORA HABITACIÓN PRIVADA EN CHAMBERI,40.43591,-3.69811,28,Private room,8
22005454,Bonito apartamento( cerca Plaza   Las Ventas),40.43882,-3.66251,75,Entire home/apt,30
19563432,Piso en centro de Madrid.,40.40588,-3.695980000000001,80,Entire home/apt,170
19456074,Habitación doble Madrid Centro,40.40748,-3.68924,55,Private room,79
31971431,Habitación privada en la mejor zona de Legazpi,40.39295,-3.69646,18,Private room,18
27009478,Suites con jacuzzi a un paso de Gran Vía,40.42061,-3.70114,1000,Hotel room,0
38600858,SR5 ESTUDIO PAREJA+LITERA+SOFA MADRID CIUDAD,40.39445,-3.65853,55,Entire home/apt,0
23145918,SkyMadridTowerHighClass5*,40.42321,-3.71274,140,Entire home/apt,20
32808692,Single private room Sun-Lavapiés with Balcony,40.40999,-3.70251,30,Private room,11
22532179,"Autumn, Scandinavian-Inspired, Urban Chic Studio, Chueca",40.42089,-3.69958,79,Entire home/apt,104
37748715,Solfai Vacacional 40,40.41037,-3.71186,60,Entire home/apt,2
30531299,Hogar familia,40.3988,-3.73399,35,Private room,0
28997668,Habitación 0 con baño privado junto a gran vía,40.42289,-3.70649,35,Private room,92
4949149,Design penthouse with huge terrace ,40.42247,-3.69606,290,Entire home/apt,30
30683411,Room in the center of Madrid (Malasaña),40.42582,-3.70594,39,Private room,0
17799818,APARTAMENTO BIEN COMUNICADO Y REFORMADO,40.3994,-3.66619,60,Entire home/apt,83
22950809,Habitacion privada en pleno centro,40.40604,-3.715980000000001,50,Private room,17
22649461,Elegant apartment in the centre of Madrid,40.42172,-3.69704,293,Entire home/apt,27
29849737,Barquillo,40.42266,-3.69649,130,Entire home/apt,2
852660,"GRAN VÍA-SOL estudio con terraza ""OLÉ""",40.4188,-3.70006,68,Entire home/apt,100
23067514,Next to Retiro. Modern 2 bedrooms flat.,40.41393,-3.66812,85,Entire home/apt,84
13651213,Beautiful flat in the historic heart of Madrid,40.41251,-3.71116,81,Entire home/apt,8
33893251,Nice Loft for 2 in La Latina ( Latina VII),40.41235,-3.70961,85,Entire home/apt,4
16971324,Preciosa habitación con piscina,40.39409000000001,-3.76168,30,Private room,16
32150306,Habitación privada a  8 min Atocha,40.40253,-3.6995,30,Private room,11
36179101,"Apartamento Mendivil 3 - Nuevo, práctico, bonito, 15 min del centro",40.40002,-3.66609,75,Entire home/apt,16
14997760,01. SOL SQUARE/PRIVATE ROOM AND Private Bathroom,40.41883,-3.70179,38,Hotel room,46
7701883,Apartment two travellers or couples,40.40962,-3.69887,60,Entire home/apt,247
35920182,Vibrant studio/loft downtown,40.41065,-3.70024,50,Entire home/apt,0
29710130,HABITACION PRIVADA CERCA DEL CENTRO DE MADRID,40.39456,-3.73345,20,Private room,5
30577028,Nuevo y acogedor apartamento en el centro,40.40581,-3.70158,44,Entire home/apt,48
14088980,CITY CENTER MADRID MODERN SPACIOUS APARTMENT.,40.42726,-3.669,125,Entire home/apt,73
14252126,"Bajo con jardín privado, muy tranquilo, C/Alcalá",40.43528,-3.66111,160,Entire home/apt,20
36087640,La Paz Market 1 C Madrid Salamanca quarter,40.42928,-3.68614,90,Entire home/apt,3
13832164,ROOM IN THE HEART OF LAVAPIES,40.40878,-3.69841,16,Private room,5
9100244,Chamberi-Individual con desayuno 2.,40.43643,-3.7087,50,Private room,1
18351752,Portugalete,40.42576,-3.6387,8,Private room,2
7424801,Preciosa Casa de Finales del Siglo XIX-H2,40.43171,-3.667,60,Private room,62
36957793,Habitación exterior grande Chamberi N Ministerios,40.44161,-3.69645,19,Private room,0
33982481,"Shopping Gran Vía-Fuencarral, ADOORABLE 5",40.42405,-3.69803,500,Entire home/apt,0
24692982,"NEW, modern & cozy w/ TERRACE. 5´ to Retiro Park.",40.41801,-3.67214,120,Entire home/apt,79
38674740,Loft palace,40.4125,-3.71472,55,Entire home/apt,1
32729736,Hortaleza Suites II,40.42259,-3.69942,50,Entire home/apt,0
8056019,Moderno Apartamento Madrid centro,40.42192,-3.70247,75,Entire home/apt,6
37248114,Apartamento cercano a Madrid Rio,40.40909,-3.73063,47,Entire home/apt,0
35043968,Renting a private room for Champions league final,40.41767,-3.61625,210,Private room,0
36509982,Habitación en Forges,40.40639,-3.60315,20,Private room,1
28623312,Apartamento grande en Sol,40.41786,-3.70128,99,Entire home/apt,47
32634977,Cómodo estudio en Puerta del Ángel,40.41257,-3.72756,28,Entire home/apt,10
35158373,Habitación  doble a 15 minutos  del  centro,40.41197,-3.65935,22,Private room,3
28823657,"ROOM with PRIVATE BATHROOM in a SHARED FLAT near Madrid Rio, Usera ALM 8",40.38678,-3.69971,1262,Private room,0
25695818,Habitacion doble en El Barrio de Salamanca,40.42963,-3.67048,14,Private room,0
14060350,Apartamento con encanto en Avenida de América,40.44194,-3.67253,55,Entire home/apt,0
482122,TRAFALGAR - CITY - SPACE & LIGHT,40.43083,-3.701330000000001,88,Entire home/apt,8
13443391,Habitacion grande con balcon en chamberi,40.43582,-3.70312,50,Private room,1
31641205,Superior 4 Bedroom Apartment - Malasaña,40.43053,-3.70029,49,Entire home/apt,18
23216406,"Luminoso apartamento centro de Madrid, Atocha",40.40623,-3.70178,100,Entire home/apt,26
19473799,PISO EXTERIOR Y REFORMADO / EXTERIOR & COZY FLAT,40.39569,-3.66689,60,Entire home/apt,67
6320287,"Madrid center, PRIVATE bathroom, elevator, wifi!",40.40769,-3.71672,50,Private room,48
36428226,Peaceful room in Madrid rio,40.4134,-3.72669,15,Private room,1
31465396,Habitación en el corazón de Madrid. Lavapiés.,40.41068,-3.70045,20,Private room,14
15705869,"Best for IFEMA and BERNABEU, AC ALL FLAT, WIFI",40.45662,-3.67317,75,Entire home/apt,46
32587764,Oshun Madrid Puerta del Sol,40.41852,-3.70679,38,Hotel room,1
23457582,Precioso apartamento,40.43609,-3.67141,100,Entire home/apt,11
17227138,Oro de la Latina,40.41087,-3.70998,46,Entire home/apt,3
34697332,Final de la champion 2019,40.40082,-3.56192,500,Private room,0
21686968,Apartamento 1 dormitorio Quevedo,40.43428,-3.70538,500,Entire home/apt,1
6891783,Precioso estudio en Concha Espina,40.45227,-3.67576,85,Entire home/apt,1
19323776,13 MC YOLO APARTAMENTO TEATRO PRICE,40.40457,-3.69785,40,Entire home/apt,2
34279321,SOLARIUM PLAZA MAYOR,40.41769,-3.70939,200,Entire home/apt,9
27021442,"CASA RAMOS, habitación con baño privado en chueca",40.42499,-3.70036,45,Private room,33
18029659,Vibrant Condo in Historical Building with Balcony,40.42139,-3.69085,761,Entire home/apt,9
38505613,Luxury Apartment in La Latina (Centre Madrid),40.41498,-3.70537,140,Entire home/apt,0
15443345,"Double bedroom in Stylish Flat, top centric!",40.41918,-3.70028,36,Private room,113
19631249,Wonderful apartment in Retiro park with garage,40.41073,-3.67392,56,Entire home/apt,120
17989229,Beautiful apartment Atocha VI,40.39419,-3.68016,400,Entire home/apt,3
8158871,Apartamento en Conde Duque,40.42768,-3.70942,70,Entire home/apt,14
30735321,Lovely & Chic one bed apartment next to El Prado,40.41442,-3.69574,40,Entire home/apt,16
6615853,Casa Moratín Dúplex 240m Centro.,40.41363,-3.69731,250,Entire home/apt,101
18521622,Final champion league room for 3 with private bath,40.42728,-3.67742,35,Private room,4
10751436,Cozy big apartment near Reina Sofia,40.40499000000001,-3.69579,65,Entire home/apt,10
36327220,Full PRIVATE APARTMENT X PAREJA o GRUPOS en Centro,40.4082,-3.70247,60,Entire home/apt,6
6542779,Madrid City Center. Quiet and bright.,40.41116,-3.70911,100,Entire home/apt,67
23924262,"Habitación privada, comoda",40.39242,-3.66531,23,Private room,0
26955172,APARTAMENTO MADRID CENTRO LAVAPIES 4,40.40757,-3.700930000000001,53,Entire home/apt,155
28823819,Duplex studio 35m2 built in 2015,40.46518,-3.69946,1262,Entire home/apt,0
25737454,Luxury apartment at a newly refurbished building.,40.42315,-3.69568,100,Entire home/apt,85
30415148,Ático Magallanes de ART&HOME con magnífica terraza.,40.43494000000001,-3.70661,100,Entire home/apt,23
33486396,Habitación luminosa tranquila.,40.39473,-3.69369,100,Private room,1
26967062,"HABITACIÓN DOBLE MADRID CITY CENTER, LA LATINA",40.4108,-3.7087,32,Private room,40
5053342,The Palacio Apartment - VALLE NOSTRO,40.4148,-3.71052,139,Entire home/apt,151
15597738,Contemporary Cool Apartment Next To Teatro Real,40.41492,-3.70755,76,Entire home/apt,264
20611507,LOVELY  IMMACULATE  2 BR FLAT IN OLD MADRID,40.40869,-3.70468,59,Entire home/apt,178
34162379,"Close to Estadio de Vallecas, Free Parking",40.39082,-3.66198,60,Entire home/apt,9
24826440,Apto a solo 10 minutos de Atocha!!,40.40854,-3.69784,36,Entire home/apt,104
35565407,"PALACE MALASAÑA, TOUR & SPA",40.42865,-3.70357,100,Entire home/apt,0
36228598,Habitación en Chamberí al lado del Distrito Centro,40.42995,-3.70351,40,Private room,0
12770315,Habitación doble exterior 3,40.46273,-3.65122,30,Private room,70
10218953,Habitación individual mona,40.4312,-3.60369,40,Private room,5
35137555,FIN DE SEMANA CHAMPIONS...,40.40051,-3.66372,227,Entire home/apt,0
30170053,Colmenares,40.41973,-3.69659,220,Entire home/apt,9
12583366,Amplia y luminosa,40.39439,-3.71513,21,Private room,278
27736930,Siéntete como en casa!,40.36752,-3.6204,50,Private room,8
23325736,Apartamento detrás de la Plaza Mayor,40.41276,-3.70614,74,Entire home/apt,19
28489819,One-Bedroom Apartment with Terrace - Roisa Centro,40.42834000000001,-3.70695,600,Entire home/apt,1
35259215,Quiet and sunny double bedroom near Madrid Centro.,40.43856,-3.69738,30,Private room,10
23317826,Quintero’s home,40.41844,-3.70098,33,Private room,162
23579143,"LA CASA DE CASTELLANA, LUJO Y CONFORT",40.46072,-3.69315,90,Entire home/apt,48
24135239,Modern apartment in the heart of Madrid.,40.41691,-3.71013,130,Entire home/apt,47
18175287,"""Espacio habilitado para dormir"" no es habitación",40.45934000000001,-3.70464,15,Private room,164
4718091,Studio in central Madrid,40.43281,-3.70668,40,Entire home/apt,22
32535485,BEAUTIFUL BALCONY PLAZA DE TOROS,40.43507,-3.66791,60,Entire home/apt,32
31978426,Cozy flat in city centre perfect for 2!,40.41064,-3.70102,40,Entire home/apt,20
981016,Bright Spacious Family Apartment,40.42688,-3.70002,185,Entire home/apt,7
13851165,Fantastic Loft in beautiful Madrid,40.44085,-3.69539,20,Private room,0
13810790,HABITACIÓN IDEAL,40.3914,-3.69532,30,Private room,0
18793976,"Habitación Nueva,  Moderna y Luminosa en Madrid.",40.39193,-3.72537,30,Private room,1
15284323,PRECIOSO APARTAMENTO EN EL CENTRO,40.41585,-3.70389,50,Entire home/apt,185
30915191,Habitacion 10 minutos Wanda Final de Champions.,40.42136,-3.61395,700,Private room,0
22189121,Gourgeus Flat in Madrid Historic Center LA LATINA,40.41344,-3.71322,90,Entire home/apt,16
22542701,Legazpi appartment,40.39075,-3.693880000000001,70,Entire home/apt,38
29336722,Apartamento Laguna,40.39639,-3.74919,75,Entire home/apt,7
28953654,BEDROOM  LITLE  IN LAVAPIES,40.40956,-3.69853,18,Private room,91
21467969,Apartamento exterior y muy luminoso con terraza,40.44404,-3.69421,260,Entire home/apt,0
34384652,Characterful Apartment in Justicia,40.42899,-3.6968,312,Entire home/apt,0
21891926,Puerta de Toledo. City Center Madrid,40.40761,-3.7139,98,Entire home/apt,1
23775258,Apartamento Opera,40.41723,-3.70909,86,Entire home/apt,22
28451512,Atico con vistas a la Puerta de Alcalá,40.41906,-3.68785,115,Entire home/apt,11
1037715,Apartamento de lujo en pleno centro,40.41279,-3.71222,80,Entire home/apt,43
30848303,M4 Rest in Goya - XXL Bed,40.42539,-3.67859,57,Entire home/apt,14
19173959,Atico muy luminoso - Habitación privada,40.39879000000001,-3.67067,70,Private room,24
34976344,Bonito apartamento cerca de El Retiro,40.41675,-3.66713,65,Private room,0
26944615,Apartamento de lujo en el Barrio de Salamanca,40.42668,-3.67161,160,Entire home/apt,59
11300205,Bright duplex in center city,40.40912,-3.69922,70,Entire home/apt,22
36619131,Luminosa habitación en El Pardo,40.47262,-3.72153,20,Private room,0
30722916,Habitación a 10 minutos del Metro Barajas y IFEMA.,40.46953,-3.58422,40,Private room,66
31119930,Cozy apartment in the heart of Madrid (Sol),40.41915,-3.70649,47,Entire home/apt,42
22813253,Habitación a 10 minutos de Sol caminando Chamberi,40.43372,-3.70261,22,Private room,30
17967309,Habitacion privada solo para chica seria,40.39376,-3.6956,18,Private room,0
29699974,cortes I,40.41598,-3.70036,70,Entire home/apt,0
26530154,1BR SUNNY AND QUIET CHUECA FULL APARTMENT,40.42506,-3.69836,99,Entire home/apt,7
31403180,Apartamento para 2 en la calle Vallehermoso,40.43901,-3.70695,55,Private room,6
34593282,"LUMINOUS, COZY AND NEAR THE METRO!",40.39009,-3.65842,65,Entire home/apt,0
18046726,Apartamento Lujo Velazquez 160. 3B.,40.4436,-3.68133,300,Entire home/apt,3
30593032,Charming Chueca Center I - with Balcony,40.42182,-3.69921,80,Entire home/apt,0
19751214,Plaza eliptica  交通枢纽2分钟的电梯住宅两人合租房间经济实惠,40.38375,-3.7161,32,Private room,1
34888397,Beautiful one bedroom apartment in Madrid,40.44398,-3.67882,70,Entire home/apt,0
33635495,Cozy and Stylish - 1BD 1BT - Lavapies,40.41111,-3.70176,95,Entire home/apt,5
34425872,Habitación privada 5 PAX,40.35041,-3.68716,30,Private room,4
34852480,Suit Room Like Apartment in the hard of Madrid.,40.40733,-3.70282,31,Private room,6
3756051,Luminosa habitación en pleno centro,40.42267,-3.67306,38,Private room,3
35455872,"Plaza Santa Ana, 2 BR, 1 bathroom,6 people, 102",40.41586,-3.70058,85,Entire home/apt,6
25528473,Habitación con Baño Privado en Avenida America,40.43507,-3.67182,50,Private room,0
27329533,Alquilo habitación Barrio Salamanca (Centro),40.43228,-3.67269,20,Private room,1
30281700,Exclusivo y luminoso piso con vistas RETIRO- IBIZA,40.41724,-3.67641,99,Entire home/apt,32
36780661,Cozy & Renewed apartment Francos Rodriguez,40.45511,-3.7073,50,Entire home/apt,4
26608790,"Precioso apartamento 2 dorm, 2 baños Puente Toledo",40.39862,-3.71675,110,Entire home/apt,0
26364133,"Madriz Te Quiere
MALASAÑA",40.42658,-3.70577,90,Entire home/apt,21
19046146,LOVELY APT IN CALLE MAYOR& PUERTA DEL SOL(WIFI/AC),40.41749,-3.70609,55,Entire home/apt,169
24676491,Feliz Verano en Madrid!,40.41305,-3.7072,20,Private room,10
28310895,GRAN VIA CENTRO APARMENT 20 PUERTA DE SOL MALASAÑA,40.42154,-3.70583,60,Entire home/apt,0
21516513,Limpieza incluida!! Confortable habitación doble.,40.43979,-3.64647,24,Private room,55
