title,site,country,year_release,box_office,director,subject,type_of_subject,race_known,subject_race,person_of_color,subject_sex,lead_actor_actress
10 Rillington Place,http://www.imdb.com/title/tt0066730/,UK,1971,-,Richard Fleischer,John Christie,Criminal,Unknown,,0,Male,Richard Attenborough
12 Years a Slave,http://www.imdb.com/title/tt2024544/,US/UK,2013,$56.7M,Steve McQueen, Solomon Northup,Other,Known,African American,1,Male,Chiwetel Ejiofor
127 Hours,http://www.imdb.com/title/tt1542344/,US/UK,2010,$18.3M,Danny Boyle,Aron Ralston,Athlete,Unknown,,0,Male,James Franco
1987,http://www.imdb.com/title/tt2833074/,Canada,2014,-,Ricardo Trogi,Ricardo Trogi,Other,Known,White,0,Male,Jean-Carl Boucher
20 Dates,http://www.imdb.com/title/tt0138987/,US,1998,$537K,Myles Berkowitz,Myles Berkowitz,Other,Unknown,,0,Male,Myles Berkowitz
21,http://www.imdb.com/title/tt0478087/,US,2008,$81.2M,Robert Luketic,Jeff Ma,Other,Known,Asian American,1,Male,Jim Sturgess
24 Hour Party People,http://www.imdb.com/title/tt0274309/,UK,2002,$1.13M,Michael Winterbottom,Tony Wilson,Musician,Known,White,0,Male,Steve Coogan
42,http://www.imdb.com/title/tt0453562/,US,2013,$95M, Brian Helgeland,Jackie Robinson,Athlete,Known,African American,1,Male,Chadwick Boseman
8 Seconds,http://www.imdb.com/title/tt0109021/,US,1994,$19.6M,John G. Avildsen,Lane Frost,Athlete,Unknown,,0,Male,Luke Perry
A Beautiful Mind,http://www.imdb.com/title/tt0268978/,US,2001,$171M,Ron Howard,John Nash,Academic,Unknown,,0,Male,Russell Crowe
A Home of Our Own,http://www.imdb.com/title/tt0107130/,US,1993,$1.7M,Tony Bill,Frances Lacey,Other,Unknown,,0,Female,Kathy Bates
A Man Called Peter,http://www.imdb.com/title/tt0048337/,US,1955,-,Henry Koster,Peter Marshall,Other,Known,White,0,Male,Richard Todd
A Man for All Seasons,http://www.imdb.com/title/tt0060665/,UK,1966,-,Fred Zinnemann,Thomas More,Historical,Known,White,0,Male,Paul Scofield
A Song to Remember,http://www.imdb.com/title/tt0038104/,US,1945,-,Charles Vidor,Frederic Chopin,Musician,Known,White,0,Male,Cornel Wilde
Abe Lincoln in Illinois,http://www.imdb.com/title/tt0032181/,US,1940,-,John Cromwell,Abraham Lincoln,World leader,Known,White,0,Male,Raymond Massey
Above and Beyond,http://www.imdb.com/title/tt0044324/,US,1952,-,"Melvin Frank, Norman Panama",Paul Tibbets,Military,Unknown,,0,Male,Robert Taylor
Abraham Lincoln,http://www.imdb.com/title/tt0020620/,US,1930,-,D.W. Griffith,Abraham Lincoln,World leader,Known,White,0,Male,Walter Huston
Against the Ropes,http://www.imdb.com/title/tt0312329/,US,2004,$5.88M,Charles S. Dutton,Jackie Kallen,Athlete,Unknown,,0,Female,Meg Ryan
Al Capone,http://www.imdb.com/title/tt0052543/,US,1959,-,Richard Wilson,Al Capone,Criminal,Known,White,0,Male,Rod Steiger
Alexander,http://www.imdb.com/title/tt0346491/,US/UK,2004,$34.3M,Oliver Stone,Alexander the Great,Historical,Known,White,0,Male,Colin Farrell
Alexander the Great,http://www.imdb.com/title/tt0048937/,US,1956,-,Robert Rossen,Alexander the Great,Historical,Known,White,0,Male,Richard Burton
Ali,http://www.imdb.com/title/tt0248667/,US,2001,$58.2M,Michael Mann,Muhammad Ali,Athlete,Known,African American,1,Male,Will Smith
Alpha Dog,http://www.imdb.com/title/tt0426883/,US,2006,$15.2M,Nick Cassavetes,Jesse James Hollywood,Criminal,Unknown,,0,Male,Emile Hirsch
Amazing Grace,http://www.imdb.com/title/tt0454776/,US/UK,2006,$21.2M,Michael Apted,William Wilberforce,Other,Known,White,0,Male,Ioan Gruffudd
Amelia,http://www.imdb.com/title/tt1129445/,US/Canada,2009,$14.2M,Mira Nair,Amelia Earhart,Other,Known,White,0,Female,Hilary Swank
American Gangster,http://www.imdb.com/title/tt0765429/,US/UK,2007,$130M,Ridley Scott,Frank Lucas,Criminal,Known,African American,1,Male,Denzel Washington
American Me,http://www.imdb.com/title/tt0103671/,US,1992,$13.1M,Edward James Olmos,Rodolfo Cadena,Criminal,Known,Hispanic (Latino),1,Male,Edward James Olmos
American Sniper,http://www.imdb.com/title/tt2179136/,US,2014,$350M,Clint Eastwood,Chris Kyle,Military,Unknown,,0,Male,Bradley Cooper
American Splendor,http://www.imdb.com/title/tt0305206/,US,2003,$6M,"Shari Springer Berman, Robert Pulcini",Harvey Pekar,Comedian,Known,White,0,Male,Paul Giamatti
An Angel at My Table,http://www.imdb.com/title/tt0099040/,UK,1990,$1.1M,Jane Campion,Janet Frame,Author,Known,White,0,Female,Kerry Fox
Anastasia,http://www.imdb.com/title/tt0048947/,US,1956,-,Anatole Litvak,Anna Anderson / Anastasia,Other,Known,White,0,Female,Ingrid Bergman
Anna and the King of Siam,http://www.imdb.com/title/tt0038303/,US,1946,-,John Cromwell,Anna Leonowens,Other,Known,Multi racial,0,Female,Irene Dunne
Annie Get Your Gun,http://www.imdb.com/title/tt0042200/,US,1950,$8M,George Sidney,Annie Oakley,Athlete,Known,White,0,Female,Betty Hutton
Annie Oakley,http://www.imdb.com/title/tt0026073/,US,1935,-,George Stevens,Annie Oakley,Athlete,Known,White,0,Female,Barbara Stanwyck
Another Country,http://www.imdb.com/title/tt0086904/,UK,1984,-,Marek Kanievska,Guy Burgess,Military,Unknown,,0,Male,Rupert Everett
Antwone Fisher,http://www.imdb.com/title/tt0168786/,US,2002,$21.1M,Denzel Washington,Antwone Fisher,Military,Known,African American,1,Male,Derek Luke
Auto Focus,http://www.imdb.com/title/tt0298744/,US,2002,$2.06M,Paul Schrader,"Robert Edward ""Bob"" Crane",Actor,Known,White,0,Male,Greg Kinnear
Awakenings,http://www.imdb.com/title/tt0099077/,US,1990,$52.1M,Penny Marshall,Oliver Sacks,Medicine,Known,White,0,Male,Robin Williams
Baadasssss!,http://www.imdb.com/title/tt0367790/,US,2003,$365K,Mario Van Peebles,Melvin Van Peebles,Actor,Known,African American,1,Male,Mario Van Peebles
Baader,http://www.imdb.com/title/tt0309320/,UK,2002,-,Christopher Roth,Andreas Baader,Military,Known,White,0,Male,Frank Giering
Bandit Queen,http://www.imdb.com/title/tt0109206/,UK,1994,$400K,Shekhar Kapur,Phoolan Devi ,Criminal,Known,Indian,1,Female,Seema Biswas
Barabbas,http://www.imdb.com/title/tt0055774/,US,1961,-,Richard Fleischer,Barabbas,Historical,Known,White,0,Male,Anthony Quinn
Basquiat,http://www.imdb.com/title/tt0115632/,US,1996,$2.96M,Julian Schnabel,Jean-Michel Basquiat,Artist,Known,Multi racial,1,Male,Jeffrey Wright
Bathory: Countess of Blood,http://www.imdb.com/title/tt0469640/,UK,2008,-,Juraj Jakubisko,Elizabeth Bathory,Criminal,Known,White,0,Female,Anna Friel
Battle Hymn,http://www.imdb.com/title/tt0050171/,US,1957,-,Douglas Sirk,Dean Hess,Military,Unknown,,0,Male,Rock Hudson
Beau Brummell,http://www.imdb.com/title/tt0046759/,US,1954,-,Curtis Bernhardt,George Brummell,Other,Known,White,0,Male,Stewart Granger
Becoming Jane,http://www.imdb.com/title/tt0416508/,UK,2007,$18.7M,Julian Jarrold,Jane Austen,Author,Known,White,0,Female,Anne Hathaway
Before Night Falls,http://www.imdb.com/title/tt0247196/,US,2000,$4.22M,Julian Schnabel,Reinaldo Arenas,Activist,Known,Hispanic (Latin American),1,Male,Javier Bardem
Behind the Lines,http://www.imdb.com/title/tt0120001/,Canada/UK,1997,$19.3K,Gillies MacKinnon,Siegfried Loraine Sassoon,Military,Known,Multi racial,0,Male,James Wilby
Best,http://www.imdb.com/title/tt0181311/,UK,2000,-,Mary McGuckian,George Best,Athlete,Known,White,0,Male,John Lynch
Beyond the Law,http://www.imdb.com/title/tt0103805/,US,1993,-,Larry Ferguson,Dan Black,Other,Unknown,,0,Male,Charlie Sheen
Beyond the Sea,http://www.imdb.com/title/tt0363473/,US/UK,2004,$6.14M,Kevin Spacey,Bobby Darin ,Musician,Known,White,0,Male,Kevin Spacey
Big Eyes,http://www.imdb.com/title/tt1126590/,US/Canada,2014,$14.5M,Tim Burton,Margaret Keane,Artist,Known,White,0,Female,Amy Adams
Billy the Kid,http://www.imdb.com/title/tt0033389/,US,1941,-,David Miller,Henry McCarty (Billy the Kid),Criminal,Known,White,0,Male,Robert Taylor
Bird,http://www.imdb.com/title/tt0094747/,US,1988,$2.18M,Clint Eastwood,"Charlie ""Bird"" Parker",Musician,Known,Multi racial,1,Male,Forest Whitaker
Birdman of Alcatraz,http://www.imdb.com/title/tt0055798/,US,1962,-,John Frankenheimer,Robert Franklin Stroud,Criminal,Unknown,,0,Male,Burt Lancaster
Blaze,http://www.imdb.com/title/tt0096943/,US,1989,$19.1M,Ron Shelton,Earl Long,Politician,Known,White,0,Male,Paul Newman
Bloodsport,http://www.imdb.com/title/tt0092675/,US,1988,$11.8M,Newt Arnold,Frank Dux,Athlete,Unknown,,0,Male,Jean-Claude Van Damme
Blossoms in the Dust,http://www.imdb.com/title/tt0033407/,US,1941,-,Mervyn LeRoy,Edna Gladney,Other,Unknown,,0,Female,Greer Garson
Blow,http://www.imdb.com/title/tt0221027/,US,2001,$52.9M,Ted Demme,George Jung,Criminal,Known,White,0,Male,Johnny Depp
Blue,http://www.imdb.com/title/tt0106438/,UK,1993,$1.72M,Derek Jarman,Derek Jarman,Other,Unknown,,0,Male,Derek Jarman
Blue Caprice,http://www.imdb.com/title/tt2027064/,US,2013,$86.7K,Alexandre Moors,John Allen Muhammad,Criminal,Known,African American,1,Male,Isaiah Washington
Bobby Jones: Stroke of Genius,http://www.imdb.com/title/tt0375104/,US,2004,$2.69M,Rowdy Herrington,Bobby Jones,Athlete,Unknown,,0,Male,Jim Caviezel
Born on the Fourth of July,http://www.imdb.com/title/tt0096969/,US,1989,$70M,Oliver Stone,Ron Kovic,Military / activist,Unknown,,0,Male,Tom Cruise
Bound for Glory,http://www.imdb.com/title/tt0074235/,US,1976,-,Hal Ashby,Woody Guthrie,Singer,Known,White,0,Male,David Carradine
Boys Don't Cry,http://www.imdb.com/title/tt0171804/,US,1999,$11.5M,Kimberly Peirce,Brandon Teena,Other,Unknown,,0,Male,Hilary Swank
Boys Town,http://www.imdb.com/title/tt0029942/,US,1938,-,Norman Taurog,Father Edward Flanagan,Other,Known,White,0,Male,Spencer Tracy
Braveheart,http://www.imdb.com/title/tt0112573/,US,1995,$75.6M,Mel Gibson,William Wallace,Military,Known,White,0,Male,Mel Gibson
Breach,http://www.imdb.com/title/tt0401997/,US,2007,$33M,Billy Ray,Robert Hanssen,Criminal,Known,White,0,Male,Chris Cooper
Brigham Young,http://www.imdb.com/title/tt0032281/,US,1940,-,Henry Hathaway,Brigham Young,Other,Known,White,0,Male,Dean Jagger
Bronson,http://www.imdb.com/title/tt1172570/,UK,2008,$105K,Nicolas Winding Refn,Charles Bronson,Criminal,Unknown,,0,Male,Tom Hardy
"Brother Sun, Sister Moon",http://www.imdb.com/title/tt0069824/,UK,1972,-,Franco Zeffirelli,St. Francis of Assisi ,Historical,Known,White,0,Male,Graham Faulkner
Bubble Boy,http://www.imdb.com/title/tt0258470/,US,2001,$5M,Blair Hayes,David Vetter,Medicine,Unknown,,0,Male,Jake Gyllenhaal
Buffalo Bill,http://www.imdb.com/title/tt0036677/,US,1944,-,William A. Wellman,William Cody,Other,Known,White,0,Male,Joel McCrea
Bugsy,http://www.imdb.com/title/tt0101516/,US,1991,$49.1M,Barry Levinson,Ben 'Bugsy' Siegel,Criminal,Known,White,0,Male,Warren Beatty
Burning Blue,http://www.imdb.com/title/tt1811307/,US,2013,-,"D.M.W. Greer With: Trent Ford, Tammy Blanchard, Morgan Spector",DMW Greer,Military,Unknown,,0,Male,Trent Ford
Buster,http://www.imdb.com/title/tt0094819/,UK,1988,$540K,David Green,Buster Edwards,Criminal,Unknown,,0,Male,Phil Collins
Callas Forever,http://www.imdb.com/title/tt0274407/,UK,2002,$446K,Franco Zeffirelli,Maria Callas,Singer,Known,Mediterranean,0,Female,Fanny Ardant
Cannibal! The Musical,http://www.imdb.com/title/tt0115819/,US,1993,-,Trey Parker,Alferd Packer,Criminal,Unknown,,0,Male,Trey Parker
Capone,http://www.imdb.com/title/tt0072761/,US,1975,-,Steve Carver,Al Capone,Criminal,Known,White,0,Male,Ben Gazzara
Capote,http://www.imdb.com/title/tt0379725/,US/Canada,2005,$28.7M,Bennett Miller,Truman Capote ,Author,Unknown,,0,Male,Philip Seymour Hoffman
Captain Kidd,http://www.imdb.com/title/tt0037576/,US,1945,-,Rowland V. Lee,William Kidd,Historical,Known,White,0,Male,Charles Laughton
Captain Phillips,http://www.imdb.com/title/tt1535109/,US,2013,$107M,Paul Greengrass,Richard Phillips,Military,Unknown,,0,Male,Tom Hanks
Caravaggio,http://www.imdb.com/title/tt0090798/,UK,1986,$3.15K,Derek Jarman,Michelangelo Merisi de Caravaggio,Artist,Known,White,0,Male,Multiple
Carbine Williams,http://www.imdb.com/title/tt0044480/,US,1952,-,Richard Thorpe,David Marshall Williams,Other,Unknown,,0,Male,James Stewart
Carve Her Name with Pride,http://www.imdb.com/title/tt0051454/,UK,1958,-,Lewis Gilbert,Violette Bushell Szabo,Military,Known,White,0,Female,Virginia McKenna
Casino,http://www.imdb.com/title/tt0112641/,US,1995,$42.4M,Martin Scorsese,"Frank ""Lefty"" Rosenthal",Criminal,Unknown,,0,Male,Robert De Niro
Casino Jack,http://www.imdb.com/title/tt1194417/,Canada,2010,$1.04M,George Hickenlooper,Jack Abramoff,Other,Unknown,,0,Male,Kevin Spacey
Cass,http://www.imdb.com/title/tt0954981/,UK,2008,-,Jon S. Baird,Cass Pennant,Other,Known,Caribbean,1,Male,Nonso Anozie
Catch a Fire,http://www.imdb.com/title/tt0437232/,US/UK,2006,$4.29M,Phillip Noyce,Patrick Chamusso,Activist,Known,African,1,Male,Derek Luke
Catch Me If You Can,http://www.imdb.com/title/tt0264464/,US/Canada,2002,$164M,Steven Spielberg,Frank Abagnale Jr.,Criminal,Unknown,,0,Male,Leonardo DiCaprio
Cesar Chavez,http://www.imdb.com/title/tt1621046/,US,2014,$5.55M,Diego Luna,Cesar Chavez,Activist,Known,Hispanic (Latino),1,Male,Michael Pe̱a
Chaplin,http://www.imdb.com/title/tt0103939/,US,1992,$9.49M,Richard Attenborough,Charles Spencer Chaplin,Comedian,Known,White,0,Male,Robert Downey Jr.
Charlie Wilson's War,http://www.imdb.com/title/tt0472062/,US,2007,$66.6M,Mike Nichols,Charlie Wilson,Military,Unknown,,0,Male,Tom Hanks
Chasing Mavericks,http://www.imdb.com/title/tt1629757/,US,2012,$6M,"Michael Apted, Curtis Hanson",Jay Moriarity,Athlete,Unknown,,0,Male,Jonny Weston
Chattahoochee,http://www.imdb.com/title/tt0099242/,US,1989,$259K,Mick Jackson,Emmett Foley,Military,Unknown,,0,Male,Gary Oldman
Che: Part One,http://www.imdb.com/title/tt0892255/,US,2008,$1.73M,Steven Soderbergh,Che Guevara,Activist,Known,Hispanic (Latin American),0,Male,Benicio Del Toro
Che: Part Two,http://www.imdb.com/title/tt0374569/,US,2008,-,Steven Soderbergh,Che Guevara,Activist,Known,Hispanic (Latin American),0,Male,Demi��n Bichir
Che!,http://www.imdb.com/title/tt0064158/,US,1969,$2M,Richard Fleischer,Che Guevara,Activist,Known,Hispanic (Latin American),0,Male,Omar Sharif
Chisum,http://www.imdb.com/title/tt0065547/,US,1970,$6M,Andrew V. McLaglen,John Chisum,Other,Unknown,,0,Male,John Wayne
Christopher Columbus: The Discovery,http://www.imdb.com/title/tt0103962/,US/UK,1992,$8.25M,John Glen,Christopher Columbus,Other,Known,White,0,Male,Georges Corraface
Ciao Manhattan,http://www.imdb.com/title/tt0068379/,US,1972,-,"John Palmer, David Weisman",Edie Sedgwick,Actress,Known,White,0,Female,Edie Sedgwick
Cinderella Man,http://www.imdb.com/title/tt0352248/,US,2005,$61.6M,Ron Howard,James Braddock,Athlete,Known,White,0,Male,Russell Crowe
Cleopatra,http://www.imdb.com/title/tt0024991/,US,1934,-,Cecil B. DeMille,Cleopatra,Historical,Known,Middle Eastern,1,Female,Claudette Colbert
Cleopatra,http://www.imdb.com/title/tt0056937/,US/UK,1963,$57.8M,Joseph L. Mankiewicz,Cleopatra,Historical,Known,Middle Eastern,1,Female,Elizabeth Taylor
Coal Miner's Daughter,http://www.imdb.com/title/tt0080549/,US,1980,$79.9M,Michael Apted,Loretta Lynn,Singer,Known,Multi racial,1,Female,Sissy Spacek
Cobb,http://www.imdb.com/title/tt0109450/,US,1994,$1.01M,Ron Shelton,Ty Cobb ,Athlete,Known,White,0,Male,Tommy Lee Jones
Communion,http://www.imdb.com/title/tt0097100/,US/UK,1989,$1.92M,Philippe Mora,Whitley Strieber,Other,Unknown,,0,Male,Christopher Walken
Confessions of a Dangerous Mind,http://www.imdb.com/title/tt0270288/,US/Canada,2002,-,George Clooney,Chuck Barris,Actor,Unknown,,0,Male,Sam Rockwell
Control,http://www.imdb.com/title/tt0421082/,US/UK,2007,$872K,Anton Corbijn,Ian Curtis,Musician,Unknown,,0,Male,Sam Riley
Conviction,http://www.imdb.com/title/tt1244754/,US,2010,$6.78M,Tony Goldwyn,Betty Anne Waters,Other,Unknown,,0,Female,Hilary Swank
Copying Beethoven,http://www.imdb.com/title/tt0424908/,US,2006,$353K,Agnieszka Holland,Ludwig van Beethoven,Musician,Known,White,0,Male,Ed Harris
Counterpunch,http://www.imdb.com/title/tt2051850/,US,2013,-,Kenneth Castillo,Alvaro Orlando,Athlete,Known,Hispanic (Latino),1,Male,Alvaro Orlando
Creation,http://www.imdb.com/title/tt0974014/,UK,2009,$341K,Jon Amiel,Charles Darwin,Academic,Unknown,,0,Male,Paul Bettany
Cromwell,http://www.imdb.com/title/tt0065593/,UK,1970,-,Ken Hughes,Oliver Cromwell ,Historical,Known,White,0,Male,Richard Harris
Cross Creek,http://www.imdb.com/title/tt0085380/,US,1983,$200K,Martin Ritt,Marjorie Kinnan Rawlings,Author,Unknown,,0,Female,Mary Steenburgen
Crutch,http://www.imdb.com/title/tt0422029/,US,2004,-,Rob Moretti,Rob Moretti,Actor,Unknown,,0,Male,Eben Gordon
Cry Freedom,http://www.imdb.com/title/tt0092804/,UK,1987,$5.9M,Richard Attenborough,Steve Biko,Activist,Known,African,1,Male,Denzel Washington
Custer of the West,http://www.imdb.com/title/tt0062844/,US,1967,-,Robert Siodmak,George Armstrong Custer,Military,Known,White,0,Male,Robert Shaw
Dahmer,http://www.imdb.com/title/tt0285728/,US,2002,-,David Jacobson,Jeffrey Dahmer ,Criminal,Known,White,0,Male,Jeremy Renner
Dallas Buyers Club,http://www.imdb.com/title/tt0790636/,US,2013,$27.3M,Jean-Marc Vall���e,Ron Woodroof ,Activist,Unknown,,0,Male,Matthew McConaughey
Dance with a Stranger,http://www.imdb.com/title/tt0088987/,UK,1985,$138K,Mike Newell,Ruth Ellis,Criminal,Unknown,,0,Female,Miranda Richardson
Dangerous Beauty,http://www.imdb.com/title/tt0118892/,US,1998,$4.53M,Marshall Herskovitz,Veronica Franco,Other,Known,White,0,Female,Catherine McCormack
Dangerous Minds,http://www.imdb.com/title/tt0112792/,US,1995,$84.9M,John N. Smith,Louanne Johnson,Teacher,Known,White,0,Female,Michelle Pfeiffer
De-Lovely,http://www.imdb.com/title/tt0352277/,US/UK,2004,$13.3M,Irwin Winkler,Cole Porter,Musician,Known,White,0,Male,Kevin Kline
Death in Granada,http://www.imdb.com/title/tt0117106/,US,1996,$226K,Marcos Zurinaga,Garcia Lorca,Author,Known,Hispanic (White),0,Male,Andy Garcia
Desert Dancer,http://www.imdb.com/title/tt2403393/,UK,2014,$144K,Richard Raymond,Afshin Ghaffarian,Artist,Known,Middle Eastern,1,Male,Reece Ritchie
Desert Flower,http://www.imdb.com/title/tt1054580/,UK,2009,$44.3K,Sherry Hormann,Waris Dirie,Activist,Known,African,1,Female,Soraya Omar-Scego (young) and Liya Kebede (older)
Diana,http://www.imdb.com/title/tt1758595/,UK,2013,$332K,Oliver Hirschbiegel,Princess Diana,Other,Known,White,0,Female,Naomi Watts
Digging Up the Marrow,http://www.imdb.com/title/tt1991031/,US,2014,-,Adam Green,Adam Green,Other,Unknown,,0,Male,Adam Green
Dillinger,http://www.imdb.com/title/tt0037644/,US,1945,$4M,Max Nosseck,John Dillinger,Criminal,Known,White,0,Male,Lawrence Tierney
Dillinger,http://www.imdb.com/title/tt0069976/,US,1973,-,John Milius,John Dillinger,Criminal,Unknown,,0,Male,Warren Oates
Disraeli,http://www.imdb.com/title/tt0019823/,US,1929,-,Alfred E. Green,Benjamin Disraeli,World leader,Known,White,0,Male,George Arliss
Domino,http://www.imdb.com/title/tt0421054/,US/UK,2005,$10.1M,Tony Scott,Domino Harvey,Other,Known,White,0,Female,Keira Knightley
Donnie Brasco,http://www.imdb.com/title/tt0119008/,US,1997,$42M,Mike Newell,Joe Pistone (alias Donnie Brasco),Government,Known,White,0,Male,Johnny Depp
Downtown 81,http://www.imdb.com/title/tt0208993/,US,1981,$100K,Edo Bertoglio,Jean-Michel Basquiat,Artist,Known,Multi racial,1,Male,Jean Michel Basquiat
Dr. Ehrlich's Magic Bullet,http://www.imdb.com/title/tt0032413/,US,1940,-,William Dieterle,Paul Ehrlich,Medicine,Known,White,0,Male,Edward G. Robinson
Dragon: The Bruce Lee Story,http://www.imdb.com/title/tt0106770/,US,1993,$35.1M,Rob Cohen,Bruce Lee,Athlete,Known,Asian American,1,Male,Jason Scott Lee
Dreamchild,http://www.imdb.com/title/tt0089052/,UK,1985,-,Gavin Millar,Alice Liddell Hargreaves,Other,Unknown,,0,Female,Coral Browne
Ed Gein,http://www.imdb.com/title/tt0230169/,US/UK,2000,$5.71K,Chuck Parello,Ed Gein,Criminal,Unknown,,0,Male,Steve Railsback
Ed Wood,http://www.imdb.com/title/tt0109707/,US,1994,$5.89M,Tim Burton,Edward D. Wood,Other,Unknown,,0,Male,Johnny Depp
"Edison, the Man",http://www.imdb.com/title/tt0032432/,US,1940,-,Clarence Brown,Thomas Edison,Academic,Known,White,0,Male,Spencer Tracy
Eichmann,http://www.imdb.com/title/tt0901481/,UK,2007,-,Robert Young,Adolf Eichmann,Military,Known,White,0,Male,Thomas Kretschmann
El cantante,http://www.imdb.com/title/tt0458522/,US,2006,$7.56M,Leon Ichaso,H̩ctor Lavoe,Musician,Known,Hispanic (Latin American),1,Male,Marc Anthony
El Cid,http://www.imdb.com/title/tt0054847/,US,1961,$26.6M,Anthony Mann,Rodrigo Diaz,Historical,Known,Hispanic (White),0,Male,Charlton Heston
Elizabeth,http://www.imdb.com/title/tt0127536/,US/UK,1998,$30M,Shekhar Kapur,Elizabeth I of England ,Historical,Known,White,0,Female,Cate Blanchett
Elizabeth: The Golden Age,http://www.imdb.com/title/tt0414055/,US/UK,2007,$16.3M,Shekhar Kapur,Elizabeth I of England ,Historical,Known,White,0,Female,Cate Blanchett
Erin Brockovich,http://www.imdb.com/title/tt0195685/,US,2000,$126M,Steven Soderbergh,Erin Brockovich,Activist,Unknown,,0,Female,Julia Roberts
Evel Knievel,http://www.imdb.com/title/tt0067069/,US,1971,-,Marvin J. Chomsky,Evel Knievel,Athlete,Known,White,0,Male,George Hamilton
Everyman's War,http://www.imdb.com/title/tt1209319/,US,2009,-,Thad T. Smith,Don Smith,Military,Unknown,,0,Male,Cole Carson
Evita,http://www.imdb.com/title/tt0116250/,US,1996,$50M,Alan Parker,"Eva ""Evita"" Duarte de Peron",Actress / activist,Known,Hispanic (Latin American),0,Female,Madonna
Exodus: Gods and Kings,http://www.imdb.com/title/tt1528100/,UK,2014,$65M,Ridley Scott,Moses,Historical,Known,Middle Eastern (White),0,Male,Christian Bale
Factory Girl,http://www.imdb.com/title/tt0432402/,US,2006,$1.65M,George Hickenlooper,Edie Sedgwick,Actress,Known,White,0,Female,Sienna Miller
Fair Game,http://www.imdb.com/title/tt0977855/,US,2010,$9.53M,Doug Liman,Valerie Plame,Government,Known,White,0,Female,Naomi Watts
Fear Strikes Out,http://www.imdb.com/title/tt0050383/,US,1957,-,Robert Mulligan,Jimmy Piersall,Athlete,Unknown,,0,Male,Anthony Perkins
Fellini's Casanova,http://www.imdb.com/title/tt0074291/,US,1976,-,Federico Fellini,Giacomo Casanova,Historical,Known,White,0,Male,Donald Sutherland
Find Me Guilty,http://www.imdb.com/title/tt0419749/,US,2006,$1.17M,Sidney Lumet,Jackie DiNorscio ,Criminal,Known,White,0,Male,Vin Diesel
Finding Graceland,http://www.imdb.com/title/tt0120026/,US,1998,-,David Winkler,Elvis Presley,Musician,Known,White,0,Male,Harvey Keitel
Finding Neverland,http://www.imdb.com/title/tt0308644/,US/UK,2004,$51.7M,Marc Forster,J.M. Barrie,Author,Known,White,0,Male,Johnny Depp
Fire in the Sky,http://www.imdb.com/title/tt0106912/,US,1993,$20.1M,Robert Lieberman,Travis Walton,Other,Unknown,,0,Male,D.B. Sweeney
Flash of Genius,http://www.imdb.com/title/tt1054588/,US/Canada,2008,$4.23M,Marc Abraham,Robert Kearns,Other,Unknown,,0,Male,Greg Kinnear
Foxcatcher,http://www.imdb.com/title/tt1100089/,US,2014,$12.1M,Bennett Miller,Mark Schultz ,Athlete,Known,White,0,Male,Channing Tatum
Frances,http://www.imdb.com/title/tt0083967/,US,1982,$5M,Graeme Clifford,Frances Farmer,Actress,Known,White,0,Female,Jessica Lange
Francis of Assisi,http://www.imdb.com/title/tt0054892/,US,1961,-,Michael Curtiz,Francis Bernardone,Historical,Known,White,0,Male,Bradford Dillman
Frankie & Alice,http://www.imdb.com/title/tt1221208/,Canada,2010,$693K,Geoffrey Sax,Frankie Murdoch,Other,Known,African American,1,Female,Halle Berry
Freedom Writers,http://www.imdb.com/title/tt0463998/,US,2007,$36.6M,Richard LaGravenese,Erin Gruwell,Other,Known,White,0,Female,Hilary Swank
Freud,http://www.imdb.com/title/tt0055998/,US,1962,-,John Huston,Sigmund Freud,Academic,Known,White,0,Male,Montgomery Clift
Frida,http://www.imdb.com/title/tt0120679/,US/Canada,2002,$25.8M,Julie Taymor,Frida Kahlo,Artist,Known,Hispanic (Latin American),1,Female,Salma Hayek
Fruitvale Station,http://www.imdb.com/title/tt2334649/,US,2013,$16.1M,Ryan Coogler,Oscar Grant III,Other,Known,African American,1,Male,Michael B. Jordan
Funny Girl,http://www.imdb.com/title/tt0062994/,US,1968,$223K,William Wyler,Fanny Brice,Actress,Known,White,0,Female,Barbra Streisand
Fur: An Imaginary Portrait of Diane Arbus,http://www.imdb.com/title/tt0422295/,US,2006,$221K,Steven Shainberg,Diane Arbus,Other,Known,White,0,Female,Nicole Kidman
Gandhi,http://www.imdb.com/title/tt0083987/,UK,1982,-,Richard Attenborough,Mahatma Gandhi,Activist,Known,Indian,1,Male,Ben Kingsley
Gentleman Jim,http://www.imdb.com/title/tt0034778/,US,1942,-,Raoul Walsh,James J Corbett,Athlete,Known,White,0,Male,Errol Flynn
Geronimo,http://www.imdb.com/title/tt0056016/,US,1962,-,Arnold Laven,Geronimo,Military,Known,Native American,1,Male,Chuck Connors
Get on Up,http://www.imdb.com/title/tt2473602/,US/UK,2014,$30.5M,Tate Taylor,James Brown,Singer,Known,African American,1,Male,Chadwick Boseman
Get Rich or Die Tryin',http://www.imdb.com/title/tt0430308/,US/Canada,2005,$31M,Jim Sheridan,Curtis '50 Cent' Jackson,Singer,Known,African American,1,Male,50 Cent
Girl with a Pearl Earring,http://www.imdb.com/title/tt0335119/,UK,2003,$11.6M,Peter Webber,Johannes Vermeer,Artist,Known,White,0,Male,Colin Firth
"Girl, Interrupted",http://www.imdb.com/title/tt0172493/,US,1999,$28.9M,James Mangold,Susanna Kaysen,Author,Unknown,,0,Female,Winona Ryder
Glory Road,http://www.imdb.com/title/tt0385726/,US,2006,$42.6M,James Gartner,Don Haskins,Athlete,Unknown,,0,Male,"With: Josh Lucas, Derek Luke, Austin Nichols"
Gods and Monsters,http://www.imdb.com/title/tt0120684/,US/UK,1998,$6.39M,Bill Condon,James Whale,Other,Known,White,0,Male,Ian McKellen
Goltzius and the Pelican Company,http://www.imdb.com/title/tt1851006/,UK,2012,-,Peter Greenaway,Hendrik Goltzius,Artist,Known,White,0,Male,Ramsey Nasr
"Good Morning, Vietnam",http://www.imdb.com/title/tt0093105/,US,1987,$124M,Barry Levinson,Adrian Cronauer ,Media,Unknown,,0,Male,Robin Williams
Good Vibrations,http://www.imdb.com/title/tt1920945/,UK,2012,-,"Lisa Barros D'Sa, Glenn Leyburn",Terri Hooley,Musician,Unknown,,0,Male,Richard Dormer
Goodfellas,http://www.imdb.com/title/tt0099685/,US,1990,$46.8M,Martin Scorsese,Henry Hill,Criminal,Known,White,0,Male,Ray Liotta
Gorillas in the Mist,http://www.imdb.com/title/tt0095243/,US,1988,$24.7M,Michael Apted,Dian Fossey,Academic,Unknown,,0,Female,Sigourney Weaver
Goya's Ghosts,http://www.imdb.com/title/tt0455957/,US,2006,$1M,Milos Forman,Francisco Goya,Artist,Known,Hispanic (White),0,Male,Stellan Skarsg̴rd
Grace of Monaco,http://www.imdb.com/title/tt2095649/,US,2014,-,Olivier Dahan,Grace Kelly,Actress,Known,White,0,Male,Nicole Kidman
Gracie,http://www.imdb.com/title/tt0441007/,US,2007,$2.96M,Davis Guggenheim,Elisabeth Shue,Athlete,Known,White,0,Female,Carly Schroeder
Greased Lightning,http://www.imdb.com/title/tt0076106/,US,1977,-,Michael Schultz,Wendell Scott,Athlete,Known,African American,1,Male,Richard Pryor
Great Balls of Fire!,http://www.imdb.com/title/tt0097457/,US,1989,$13.7M,Jim McBride,Jerry Lee Lewis,Musician,Unknown,,0,Male,Dennis Quaid
Grey Owl,http://www.imdb.com/title/tt0128239/,Canada/UK,1999,$315K,Richard Attenborough,Grey Owl (Archibald Belaney),Other,Known,Multi racial,1,Male,Pierce Brosnan
Hans Christian Andersen,http://www.imdb.com/title/tt0044685/,US,1952,-,Charles Vidor,Hans Christian Andersen,Author,Known,White,0,Male,Danny Kaye
Harlow,http://www.imdb.com/title/tt0059252/,US,1965,-,Gordon Douglas,Jean Harlow,Actress,Known,White,0,Female,Carroll Baker
Heart Like a Wheel,http://www.imdb.com/title/tt0085656/,US,1983,-,Jonathan Kaplan,Shirley Muldowney,Athlete,Known,White,0,Female,Bonnie Bedelia
Heaven & Earth,http://www.imdb.com/title/tt0107096/,US,1993,$5.86M,Oliver Stone,Le Ly Hayslip,Other,Known,Asian American,1,Female,Hiep Thi Le
Hell to Eternity,http://www.imdb.com/title/tt0053901/,US,1960,-,Phil Karlson,Guy Gabaldon,Military,Known,Hispanic (Latino),1,Male,Jeffrey Hunter
Henry V,http://www.imdb.com/title/tt0036910/,UK,1944,-,Laurence Olivier,Henry V of England,Historical,Known,White,0,Male,Laurence Olivier
Henry V,http://www.imdb.com/title/tt0097499/,UK,1989,$10.2M,Kenneth Branagh,Henry V of England,Historical,Known,White,0,Male,Kenneth Branagh
High Roller: The Stu Ungar Story,http://www.imdb.com/title/tt0338467/,US,2003,-,A.W. Vidmer,Stu Ungar,Other,Known,White,0,Male,Michael Imperioli
His Majesty O'Keefe,http://www.imdb.com/title/tt0045876/,US,1954,-,Byron Haskin,David Dion O'Keefe,Other,Known,White,0,Male,Burt Lancaster
Hitler: A Film from Germany,http://www.imdb.com/title/tt0076147/,UK,1977,-,Hans-J�_rgen Syberberg,Adolf Hitler,Military,Known,White,0,Male,Heinz Schubert
Hitler: The Last Ten Days,http://www.imdb.com/title/tt0070184/,UK,1973,-,Ennio De Concini,Adolf Hitler,Military,Known,White,0,Male,Alec Guinness
Hoffa,http://www.imdb.com/title/tt0104427/,US,1992,$24.3M,Danny DeVito,Jimmy Hoffa,Activist,Known,White,0,Male,Jack Nicholson
Hollywoodland,http://www.imdb.com/title/tt0427969/,US,2006,$14.4M,Allen Coulter,George Reeves,Actor,Unknown,,0,Male,Ben Affleck
Houdini,http://www.imdb.com/title/tt0045886/,US,1953,-,George Marshall,Harry Houdini,Other,Known,White,0,Male,Tony Curtis
Howl,http://www.imdb.com/title/tt1049402/,US,2010,$617K,"Rob Epstein, Jeffrey Friedman",Allen Ginsberg,Author,Known,White,0,Male,James Franco
Hunger,http://www.imdb.com/title/tt0986233/,UK,2008,$154K,Steve McQueen,Bobby Sands,Activist,Known,White,0,Male,Michael Fassbender
I Am a Sex Addict,http://www.imdb.com/title/tt0428649/,US,2005,$113K,Caveh Zahedi,Caveh Zahedi,Actor,Known,Middle Eastern,1,Male, Caveh Zahedi
I Love You Phillip Morris,http://www.imdb.com/title/tt1045772/,US,2009,$2.04M,"Glenn Ficarra, John Requa",Steven Russell,Criminal,Unknown,,0,Male,Jim Carrey
I Shot Andy Warhol,http://www.imdb.com/title/tt0116594/,US/UK,1996,$1.81M,Mary Harron,Valerie Solanas,Activist,Known,Hispanic (White),0,Female,Lil Taylor
I Want to Live!,http://www.imdb.com/title/tt0051758/,US,1958,-,Robert Wise,Barbara Graham,Criminal,Unknown,,0,Female,Susan Hayward
I'll Cry Tomorrow,http://www.imdb.com/title/tt0048191/,US,1955,-,Daniel Mann,Lillian Roth,Actress,Known,White,0,Female,Susan Hayward
I'll See You in My Dreams,http://www.imdb.com/title/tt0043669/,US,1951,-,Michael Curtiz,Gus Kahn,Musician,Known,White,0,Male,Danny Thomas
I'm Not There.,http://www.imdb.com/title/tt0368794/,US/Canada,2007,$4M,Todd Haynes,Bob Dylan,Musician,Known,White,0,Male,-
If You Could See What I Hear,http://www.imdb.com/title/tt0084117/,Canada,1982,-,Eric Till,Tom Sullivan,Singer,Known,White,0,Male,Marc Singer
Immortal Beloved,http://www.imdb.com/title/tt0110116/,US/UK,1994,$14.4M,Bernard Rose,Ludwig van Beethoven,Musician,Known,White,0,Male,Gary Oldman
In the Name of the Father,http://www.imdb.com/title/tt0107207/,US/UK,1993,$25M,Jim Sheridan,Gerry Conlon,Other,Known,White,0,Male,Daniel Day-Lewis
Infamous,http://www.imdb.com/title/tt0420609/,US,2006,$1.15M,Douglas McGrath,Truman Capote,Other,Unknown,,0,Male,Toby Jones
Infinity,http://www.imdb.com/title/tt0116635/,US,1996,$146K,Matthew Broderick,Richard Feynman,Academic,Unknown,,0,Male,Matthew Broderick
Interrupted Melody,http://www.imdb.com/title/tt0048210/,US,1955,-,Curtis Bernhardt,Marjorie Lawrence,Singer,Known,White,0,Female,Eleanor Parker
Into the Wild,http://www.imdb.com/title/tt0758758/,US,2007,$18.4M,Sean Penn,Christopher McCandless,Athlete,Unknown,,0,Male,Emile Hirsch
Invincible,http://www.imdb.com/title/tt0445990/,US,2006,$57.8M,Ericson Core,Vince Papale,Athlete,Unknown,,0,Male,Mark Wahlberg
Iris,http://www.imdb.com/title/tt0280778/,US/UK,2001,$1.2M,Richard Eyre,Iris Murdoch,Author,Known,White,0,Female,Judi Dench and Kate Winslet
Isadora,http://www.imdb.com/title/tt0063141/,UK,1968,-,Karel Reisz,Isadora Duncan,Artist,Unknown,,0,Female,Vanessa Redgrave
Isn't She Great,http://www.imdb.com/title/tt0141399/,US/UK,2000,$2.95M,Andrew Bergman,Jacqueline Susann,Author,Known,White,0,Female,Bette Midler
iSteve,http://www.imdb.com/title/tt2782834/,US,2013,-,Ryan Perez,Steve Jobs,Other,Known,Multi racial,1,Male,Justin Long
J. Edgar,http://www.imdb.com/title/tt1616195/,US,2011,$37.3M,Clint Eastwood,J. Edgar Hoover,Government,Known,White,0,Male,Leonardo DiCaprio
Jamesy Boy,http://www.imdb.com/title/tt1673734/,US,2014,-,Trevor White,James Burns,Criminal,Unknown,,0,Male,Spencer Lofranco
Jappeloup,http://www.imdb.com/title/tt2018079/,Canada,2013,-,Christian Duguay," Pierre Durand, Jr.",Athlete,Known,White,0,Male,Guillaume Canet
Jean Charles,http://www.imdb.com/title/tt0989007/,UK,2009,-,Henrique Goldman,Jean Charles de Menezes,Other,Known,White,0,Male,Selton Mello
Jefferson in Paris,http://www.imdb.com/title/tt0113463/,US,1995,$2.47M,James Ivory,Thomas Jefferson,Historical,Known,White,0,Male,Nick Nolte
Jesse James,http://www.imdb.com/title/tt0031507/,US,1939,-,Henry King,Jesse James,Criminal,Known,White,0,Male,Tyrone Power
Jim Thorpe -- All-American,http://www.imdb.com/title/tt0043687/,US,1951,-,Michael Curtiz,Jim Thorpe,Athlete,Known,Native American,1,Male,Burt Lancaster
Jimi: All Is by My Side,http://www.imdb.com/title/tt2402085/,US/UK,2013,$323K,John Ridley,Jimi Hendrix,Musician,Known,Multi racial,1,Male,Andr̩ Benjamin
Jinnah,http://www.imdb.com/title/tt0183306/,UK,1998,-,Jamil Dehlavi,Mohammad Ali Jinnah,Other,Known,Middle Eastern,1,Male,Christopher Lee
"Jo Jo Dancer, Your Life Is Calling",http://www.imdb.com/title/tt0091295/,US,1986,$18M,Richard Pryor,Richard Pryor,Comedian,Known,African American,1,Male,Richard Pryor
Joan of Arc,http://www.imdb.com/title/tt0040491/,US,1948,-,Victor Fleming,Joan of Arc ,Historical,Known,White,0,Female,Ingrid Bergman
Jobs,http://www.imdb.com/title/tt2357129/,US,2013,$16.1M,Joshua Michael Stern,Steve Jobs,Other,Known,Multi racial,1,Male,Ashton Kutcher
John Paul Jones,http://www.imdb.com/title/tt0052946/,US,1959,-,John Farrow,John Paul Jones,Military,Known,White,0,Male,Robert Stack
Juarez,http://www.imdb.com/title/tt0031516/,US,1939,-,William Dieterle,Benito Juarez,World leader,Known,Hispanic (Latin American),1,Male,Paul Muni
Kid Cannabis,http://www.imdb.com/title/tt0780548/,US,2014,$5.57K,John Stockwell,Nate Norman,Criminal,Unknown,,0,Male,Jonathan Daniel Brown
Kill the Irishman,http://www.imdb.com/title/tt1416801/,US,2011,$1.19M,Jonathan Hensleigh,Danny Greene,Criminal,Known,White,0,Male,Ray Stevenson
Kill the Messenger,http://www.imdb.com/title/tt1216491/,US,2014,$2.45M,Michael Cuesta,Gary Webb,Media,Unknown,,0,Male,Jeremy Renner
Kill Your Darlings,http://www.imdb.com/title/tt1311071/,US,2013,$1.03M,John Krokidas,Allen Ginsberg ,Author,Known,White,0,Male,Daniel Radcliffe
Killer: A Journal of Murder,http://www.imdb.com/title/tt0113542/,US,1995,$65.7K,Tim Metcalfe,Carl Panzram,Criminal,Known,White,0,Male,James Woods
King David,http://www.imdb.com/title/tt0089420/,US,1985,-,Bruce Beresford,David,Historical,Known,Middle Eastern (White),0,Male,Richard Gere
King of Kings,http://www.imdb.com/title/tt0055047/,US,1961,-,Nicholas Ray,Jesus,Historical,Known,Middle Eastern (White),0,Male,Jeffrey Hunter
Kinsey,http://www.imdb.com/title/tt0362269/,US,2004,$10.2M,Bill Condon,Alfred Kinsey,Academic,Known,White,0,Male,Liam Neeson
Klimt,http://www.imdb.com/title/tt0417871/,UK,2006,-,Raoul Ruiz,Gustav Klimt,Artist,Known,White,0,Male,John Malkovich
Knute Rockne All American,http://www.imdb.com/title/tt0032676/,US,1940,-,Lloyd Bacon,Knute Rockne,Athlete,Known,White,0,Male,Pat O'Brien
Korczak,http://www.imdb.com/title/tt0099949/,UK,1990,-,Andrzej Wajda,Janusz Korczak,Other,Known,White,0,Male,Wojciech Pszoniak
Kundun,http://www.imdb.com/title/tt0119485/,US,1997,$5.53M,Martin Scorsese,Dalai Lama ,Activist,Known,Asian,1,Male,Tenzin Thuthob Tsarong
La Bamba,http://www.imdb.com/title/tt0093378/,US,1987,$54.2M,Luis Valdez,Ritchie Valens,Musician,Known,Hispanic (Latino),1,Male,Lou Diamond Phillips
La Vie en Rose,http://www.imdb.com/title/tt0450188/,Canada/UK,2007,$10.3M,Olivier Dahan,��dith Piaf.,Singer,Known,White,0,Female,Marion Cotillard
Lady Jane,http://www.imdb.com/title/tt0091374/,UK,1986,$278K,Trevor Nunn,Lady Jane Grey,Historical,Unknown,,0,Female,Helena Bonham Carter
Lady Sings the Blues,http://www.imdb.com/title/tt0068828/,US,1972,$9.6M,Sidney J. Furie,Billie Holiday,Musician,Known,African American,1,Female,Diana Ross
Last Days,http://www.imdb.com/title/tt0403217/,US,2005,$455K,Gus Van Sant,Kurt Cobain,Musician,Known,White,0,Male,Michael Pitt
Lawrence of Arabia,http://www.imdb.com/title/tt0056172/,UK,1962,$342K,David Lean,Thomas Edward Lawrence,Military,Known,White,0,Male,Peter O'Toole
Lee Daniels' The Butler,http://www.imdb.com/title/tt1327773/,US,2013,$117M,Lee Daniels,Cecil Gaines,Other,Known,African American,1,Male,Forest Whitaker
Lenny,http://www.imdb.com/title/tt0071746/,US,1974,-,Bob Fosse,Lenny Bruce,Comedian,Known,White,0,Male,Dustin Hoffman
Lincoln,http://www.imdb.com/title/tt0443272/,US,2012,$182M,Steven Spielberg,Abraham Lincoln,World leader,Known,White,0,Male,Daniel Day-Lewis
Lion of the Desert,http://www.imdb.com/title/tt0081059/,US,1981,-,Moustapha Akkad,Omar Mukhtar,Activist,Known,Middle Eastern,1,Male,Anthony Quinn
Lisztomania,http://www.imdb.com/title/tt0073298/,UK,1975,-,Ken Russell,Franz Liszt,Musician,Known,White,0,Male,Roger Daltrey
Little Ashes,http://www.imdb.com/title/tt1104083/,UK,2008,$480K,Paul Morrison,Salvador Dal�_,Artist,Known,Multi racial,1,Male,Robert Pattinson
Lone Survivor,http://www.imdb.com/title/tt1091191/,US,2013,$125M,Peter Berg,Marcus Luttrell,Military,Unknown,,0,Male,Mark Wahlberg
Louis Cyr,http://www.imdb.com/title/tt1657513/,Canada,2013,-,Daniel Roby,Louis Cyr,Athlete,Known,White,0,Male,Antoine Bertrand
Love & Mercy,http://www.imdb.com/title/tt0903657/,US,2014,$9.26M,Bill Pohlad,Brian Wilson,Musician,Known,White,0,Male,John Cusack
Love Is a Many-Splendored Thing,http://www.imdb.com/title/tt0048316/,US,1955,-,Henry King,Han Suyin,Other,Known,Eurasian,1,Female,Jennifer Jones
Love Is the Devil: Study for a Portrait of Francis Bacon,http://www.imdb.com/title/tt0119577/,US/UK,1998,$343K,John Maybury,Francis Bacon,Artist,Known,White,0,Male,Derek Jacobi
Love Me or Leave Me,http://www.imdb.com/title/tt0048317/,US,1955,-,Charles Vidor,Ruth Etting,Singer,Unknown,,0,Female,Doris Day
Lovelace,http://www.imdb.com/title/tt1426329/,US,2013,$355K,"Rob Epstein, Jeffrey Friedman",Linda Lovelace,Actress,Known,White,0,Female,Amanda Seyfried
Low Down,http://www.imdb.com/title/tt1864405/,US,2014,$44.5K,Jeff Preiss,Joe Albany,Musician,Known,White,0,Male,John Hawkes
Lucky Luciano,http://www.imdb.com/title/tt0071782/,US,1973,-,Francesco Rosi,Charles Luciano,Criminal,Known,White,0,Male,Gian Maria Volont̩
Lust for Life,http://www.imdb.com/title/tt0049456/,US,1956,-,Vincente Minnelli,Vincent van Gogh,Artist,Known,White,0,Male,Kirk Douglas
Luther,http://www.imdb.com/title/tt0309820/,US,2003,$5.67M,Eric Till,Martin Luther,Historical,Known,White,0,Male,Joseph Fiennes
MacArthur,http://www.imdb.com/title/tt0076342/,US,1977,-,Joseph Sargent,Douglas MacArthur,Military,Known,White,0,Male,Gregory Peck
Machine Gun Preacher,http://www.imdb.com/title/tt1586752/,US,2011,$538K,Marc Forster,Sam Childers,Other,Known,White,0,Male,Gerard Butler
Machine-Gun Kelly,http://www.imdb.com/title/tt0051887/,US,1958,-,Roger Corman,George Kelly,Criminal,Unknown,,0,Male,Charles Bronson
Malcolm X,http://www.imdb.com/title/tt0104797/,US,1992,$48.2M,Spike Lee,Malcolm X,Activist,Known,African American,1,Male,Denzel Washington
Man of a Thousand Faces,http://www.imdb.com/title/tt0050681/,US,1957,-,Joseph Pevney,Lon Chaney,Actor,Known,White,0,Male,James Cagney
Man on the Moon,http://www.imdb.com/title/tt0125664/,US/UK,1999,$34.6M,Milos Forman,Andy Kaufman,Comedian,Unknown,,0,Male,Jim Carrey
Mandela: Long Walk to Freedom,http://www.imdb.com/title/tt2304771/,UK,2013,$8.32M,Justin Chadwick,Nelson Mandela,World leader,Known,African,1,Male,Idris Elba
Marie Antoinette,http://www.imdb.com/title/tt0030418/,US,1938,-,W.S. Van Dyke,Marie Antoinette,Historical,Known,White,0,Female,Norma Shearer
Marie Antoinette,http://www.imdb.com/title/tt0422720/,US,2006,$16M,Sofia Coppola,Marie Antoinette,Historical,Known,White,0,Female,Kirsten Dunst
Mary of Scotland,http://www.imdb.com/title/tt0027948/,US,1936,-,John Ford,"Mary Stuart, Queen of Scots",Historical,Known,White,0,Female,Katharine Hepburn
"Mary, Queen of Scots",http://www.imdb.com/title/tt0067402/,UK,1971,-,Charles Jarrott,"Mary Stuart, Queen of Scots",Historical,Known,White,0,Female,Vanessa Redgrave
Mask,http://www.imdb.com/title/tt0089560/,US,1985,$42.4M,Peter Bogdanovich,"Roy Lee ""Rocky"" Dennis",Other,Known,White,0,Male,Eric Stolz
Meetings with Remarkable Men,http://www.imdb.com/title/tt0079542/,UK,1979,-,Peter Brook,G.I. Gurdjieff ,Other,Known,White,0,Male,Dragan Maksimovic
Men of Honor,http://www.imdb.com/title/tt0203019/,US,2000,$48.8M,George Tillman Jr.,Carl Brashear,Athlete,Known,African American,1,Male,Cuba Gooding Jr
Mesmer,http://www.imdb.com/title/tt0110496/,Canada/UK,1994,-,Roger Spottiswoode,Franz Anton Mesmer,Medicine,Known,White,0,Male,Alan Rickman
Mesrine Part 1: Killer Instinct,http://www.imdb.com/title/tt1259014/,Canada,2008,$552K,Jean-Fran̤ois Richet,Jacques Mesrine,Criminal,Known,White,0,Male,Vincent Cassel
Mesrine Part 2: Public Enemy #1,http://www.imdb.com/title/tt0411272/,Canada,2008,$275K,Jean-Fran̤ois Richet,Jacques Mesrine,Criminal,Known,White,0,Male,Vincent Cassel
Michael Collins,http://www.imdb.com/title/tt0117039/,US/UK,1996,$11M,Neil Jordan,Michael Collins,Activist,Known,White,0,Male,Liam Neeson
Midnight Express,http://www.imdb.com/title/tt0077928/,US/UK,1978,$35M,Alan Parker,Billy Hayes,Criminal,Unknown,,0,Male,Brad Davis
Milk,http://www.imdb.com/title/tt1013753/,US,2008,$31.8M,Gus Van Sant,Harvey Milk,Activist,Known,White,0,Male,Sean Penn
Million Dollar Arm,http://www.imdb.com/title/tt1647668/,US,2014,$36.4M,Craig Gillespie,J. B. Bernstein,Athlete,Known,White,0,Male,Jon Hamm
Million Dollar Mermaid,http://www.imdb.com/title/tt0044903/,US,1952,-,Mervyn LeRoy,Annette Kellerman,Athlete,Known,White,0,Female,Esther Williams
Miracle,http://www.imdb.com/title/tt0349825/,US,2004,$64.4M,Gavin O'Connor,Herb Brooks ,Athlete,Unknown,,0,Male,Kurt Russell
Mishima: A Life in Four Chapters,http://www.imdb.com/title/tt0089603/,US,1985,$450K,Paul Schrader,Yukio Mishima,Author,Known,Asian,1,Male,Ken Ogata
Miss Potter,http://www.imdb.com/title/tt0482546/,US/UK,2006,$2.98M,Chris Noonan,Beatrix Potter,Author,Known,White,0,Female,Ren̩e Zellweger
Mockingbird Don't Sing,http://www.imdb.com/title/tt0273822/,US,2001,-,Harry Bromley Davenport,Genie (pseudonym),Other,Unknown,,0,Female,Tarra Steele
Modigliani,http://www.imdb.com/title/tt0367188/,UK,2004,$195K,Mick Davis,Amedeo Modigliani,Artist,Known,White,0,Male,Andy Garcia
Mommie Dearest,http://www.imdb.com/title/tt0082766/,US,1981,-,Frank Perry,Joan Crawford,Actress,Known,White,0,Female,Faye Dunaway
Moneyball,http://www.imdb.com/title/tt1210166/,US,2011,$75.6M,Bennett Miller,Billy Beane,Athlete,Known,White,0,Male,Brad Pitt
Monsieur N.,http://www.imdb.com/title/tt0308595/,UK,2003,$16.8K,Antoine de Caunes,Napoleon Bonaparte,Historical,Known,White,0,Male,Philippe Torreton
Monster,http://www.imdb.com/title/tt0340855/,US,2003,$34.5M,Patty Jenkins,Aileen Wuornos,Criminal,Unknown,,0,Female,Charlize Theron
Moulin Rouge,http://www.imdb.com/title/tt0044926/,UK,1952,-,John Huston,Henri de Toulouse-Lautrec,Artist,Unknown,,0,Male,Jos̩ Ferrer
Mr. Nice,http://www.imdb.com/title/tt1183911/,UK,2010,-,Bernard Rose,Howard Marks,Criminal,Unknown,,0,Male,Rhys Ifans
Mr. Turner,http://www.imdb.com/title/tt2473794/,UK,2014,$3.96M,Mike Leigh,J.M.W. Turner,Artist,Known,White,0,Male,Timothy Spall
Mrs Brown,http://www.imdb.com/title/tt0119280/,US/UK,1997,$9.22M,John Madden,Victoria,Historical,Known,White,0,Female,Judi Dench
Mrs. Parker and the Vicious Circle,http://www.imdb.com/title/tt0110588/,US/Canada,1994,$2.14M,Alan Rudolph,Dorothy Parker,Author,Known,White,0,Female,Jennifer Jason Leigh
Muhammad: The Last Prophet,http://www.imdb.com/title/tt0430377/,US,2002,-,Richard Rich,Muhammad,Historical,Known,Middle Eastern,1,Male,
"Murder, Inc.",http://www.imdb.com/title/tt0054102/,US,1960,-,"Burt Balaban, Stuart Rosenberg",Burton Turkus,Other,Unknown,,0,Male,Henry Morgan
Music Within,http://www.imdb.com/title/tt0422783/,US,2007,$153K,Steven Sawalich,Richard Pimentel,Activist,Known,Multi racial,1,Male,Ron Livingston
My Childhood,http://www.imdb.com/title/tt0068983/,UK,1972,-,Bill Douglas,Bill Douglas,Other,Unknown,,0,Male,Stephen Archibald
My Left Foot,http://www.imdb.com/title/tt0097937/,UK,1989,$14.7M,Jim Sheridan,Christy Brown,Artist,Known,White,0,Male,Daniel Day-Lewis
My Life So Far,http://www.imdb.com/title/tt0120899/,US/UK,1999,$616K,Hugh Hudson,Denis Forman,Other,Known,White,0,Male,Robert Norman
My One and Only,http://www.imdb.com/title/tt1185431/,US,2009,$2.48M,Richard Loncraine,George Hamilton,Other,Known,White,0,Male,Logan Lerman
My Week with Marilyn,http://www.imdb.com/title/tt1655420/,US/UK,2011,$14.6M,Simon Curtis,Marilyn Monroe,Actress,Unknown,,0,Female,Michelle Williams
Ned Kelly,http://www.imdb.com/title/tt0277941/,US/UK,2003,$74.9K,Gregor Jordan,Ned Kelly,Criminal,Known,White,0,Male,Heath Ledger
Night and Day,http://www.imdb.com/title/tt0038776/,US,1946,-,Michael Curtiz,Cole Porter,Musician,Unknown,,0,Male,Cary Grant
Nightwatching,http://www.imdb.com/title/tt0446750/,Canada/UK,2007,-,Peter Greenaway,Rembrandt,Artist,Known,White,0,Male,Martin Freeman
Nixon,http://www.imdb.com/title/tt0113987/,US,1995,$13.6M,Oliver Stone,Richard Milhous Nixon,World leader,Known,White,0,Male,Anthony Hopkins
Nostradamus,http://www.imdb.com/title/tt0110689/,UK,1994,$364K,Roger Christian,Nostradamus,Historical,Unknown,,0,Male,Tch̩ky Karyo
Notorious,http://www.imdb.com/title/tt0472198/,US,2009,$36.8M,George Tillman Jr.,Christopher Wallace (Biggie Smalls),Musician,Known,Caribbean,1,Male,Jamal Woolard
Nowhere Boy,http://www.imdb.com/title/tt1266029/,Canada/UK,2009,$1.45M,Sam Taylor-Johnson,John Lennon,Musician,Known,White,0,Male,Aaron Taylor-Johnson
October Sky,http://www.imdb.com/title/tt0132477/,US,1999,$32.5M,Joe Johnston,Homer Hickam,Other,Known,Multi racial,1,Male,Jake Gyllenhaal
One Chance,http://www.imdb.com/title/tt1196956/,US/UK,2013,$89.7K,David Frankel,Paul Potts,Musician,Unknown,,0,Male,James Corden
One Foot in Heaven,http://www.imdb.com/title/tt0033980/,US,1941,-,Irving Rapper,William Spence,Other,Known,White,0,Male,Fredric March
One Night with the King,http://www.imdb.com/title/tt0430431/,US,2006,$13.4M,Michael O. Sajbel,Hadassah (Esther),Historical,Known,Middle Eastern (White),0,Female,Tiffany Dupont
Out of Africa,http://www.imdb.com/title/tt0089755/,US,1985,$87.1M,Sydney Pollack,Karen Blixen,Other,Known,White,0,Female,Meryl Streep
Papillon,http://www.imdb.com/title/tt0070511/,US,1973,$53.3M,Franklin J. Schaffner,"Henri ""Papillon"" Charri̬re",Criminal,Known,White,0,Male,Steve McQueen
Party Monster,http://www.imdb.com/title/tt0320244/,US,2003,$297K,"Fenton Bailey, Randy Barbato",Michael Alig,Criminal,Unknown,,0,Male,Macaulay Culkin
Patch Adams,http://www.imdb.com/title/tt0129290/,US,1998,$135M,Tom Shadyac,"Hunter Doherty ""Patch"" Adams",Medicine,Unknown,,0,Male,Robin Williams
Patton,http://www.imdb.com/title/tt0066206/,US,1970,-,Franklin J. Schaffner,George Patton,Military,Known,White,0,Male,George Scott
Patty Hearst,http://www.imdb.com/title/tt0095836/,US/UK,1988,$1.22M,Paul Schrader,Patty Hearst,Other,Known,White,0,Female,Natasha Richardson
Permanent Midnight,http://www.imdb.com/title/tt0120788/,US,1998,$1.17M,David Veloz,Jerry Stahl,Comedian,Known,White,0,Male,Ben Stiller
Persepolis,http://www.imdb.com/title/tt0808417/,US,2007,$4.44M,"Vincent Paronnaud, Marjane Satrapi",Marjane 'Marji' Satrapi,Activist,Known,Middle Eastern,1,Female,Chiara Mastroianni
Phantom Punch,http://www.imdb.com/title/tt1131747/,US,2008,-,Robert Townsend,Sonny Liston,Athlete,Known,African American,1,Male,Ving Rhames
Philomena,http://www.imdb.com/title/tt2431286/,US/UK,2013,$37.7M,Stephen Frears,Philomena Lee,Other,Known,White,0,Female,Judi Dench
Pierrepoint: The Last Hangman,http://www.imdb.com/title/tt0462477/,US/UK,2005,$21.8K,Adrian Shergold,Albert Pierrepoint,Other,Known,White,0,Male,Timothy Spall
Pi̱ero,http://www.imdb.com/title/tt0261066/,US,2001,$1.42M,Leon Ichaso,Miguel Pi̱ero,Actor,Known,Hispanic (Latin American),1,Male,Benjamin Bratt
Pollock,http://www.imdb.com/title/tt0183659/,US,2000,$8.6M,Ed Harris,Jackson Pollock,Artist,Known,White,0,Male,Ed Harris
Prefontaine,http://www.imdb.com/title/tt0119937/,US,1997,$532K,Steve James,Steve Prefontaine,Athlete,Known,White,0,Male,Jared Leto
Pride of the Marines,http://www.imdb.com/title/tt0038000/,US,1945,-,Delmer Daves,Al Schmid,Military,Known,White,0,Male,John Garfield
Private Parts,http://www.imdb.com/title/tt0119951/,US,1997,$41.2M,Betty Thomas,Howard Stern,Media,Known,White,0,Male,Howard Stern
PT 109,http://www.imdb.com/title/tt0057393/,US,1963,-,Leslie H. Martinson,John F. Kennedy,Military,Known,White,0,Male,Cliff Robertson
Public Enemies,http://www.imdb.com/title/tt1152836/,US,2009,$97M,Michael Mann,John Dillinger,Criminal,Unknown,,0,Male,Johnny Depp
Queen Christina,http://www.imdb.com/title/tt0024481/,US,1933,-,Rouben Mamoulian,"Christina, queen of Sweden",Historical,Known,White,0,Female,Greta Garbo
Quills,http://www.imdb.com/title/tt0180073/,US/UK,2000,$7.06M,Philip Kaufman,Marquis de Sade,Criminal,Known,White,0,Male,Geoffrey Rush
Ragamuffin,http://www.imdb.com/title/tt2412568/,US,2014,-,David Schultz,Rich Mullins,Singer,Known,White,0,Male,David Schultz
Raging Bull,http://www.imdb.com/title/tt0081398/,US,1980,$45.2K,Martin Scorsese,Jake LaMotta,Athlete,Known,White,0,Male,Robert De Niro
Rasputin: The Mad Monk,http://www.imdb.com/title/tt0059635/,UK,1966,-,Don Sharp,Grigori Rasputin,Other,Known,White,0,Male,Christopher Lee
Ray,http://www.imdb.com/title/tt0350258/,US,2004,$75.3M,Taylor Hackford,Ray Charles,Musician,Known,African American,1,Male,Jamie Foxx
Reach for the Sky,http://www.imdb.com/title/tt0049665/,UK,1956,-,Lewis Gilbert,Douglas Bader,Military,Unknown,,0,Male,Kenneth More
Reds,http://www.imdb.com/title/tt0082979/,US,1981,-,Warren Beatty,John Reed,Media,Known,White,0,Male,Warren Beaty
Regeneration,http://www.imdb.com/title/tt0005960/,US,1915,-,Raoul Walsh,Owen Kildare,Other,Known,White,0,Male,Rockliffe Fellowes
Rembrandt,http://www.imdb.com/title/tt0028167/,UK,1936,-,Alexander Korda,Rembrandt,Artist,Known,White,0,Male,Charles Laughton
Remember the Titans,http://www.imdb.com/title/tt0210945/,US,2000,$116M,Boaz Yakin,Herman Boone,Athlete,Known,African American,1,Male,Denzel Washington
Rescue Dawn,http://www.imdb.com/title/tt0462504/,US,2006,$5.48M,Werner Herzog,Dieter Dengler,Military,Known,White,0,Male,Christian Bale
Restoration,http://www.imdb.com/title/tt0114272/,US/UK,1995,$4.1M,Michael Hoffman,Charles II,Historical,Known,White,0,Male,Sam Neill
Rhapsody in Blue,http://www.imdb.com/title/tt0038026/,US,1945,-,Irving Rapper,George Gershwin,Musician,Known,White,0,Male,Robert Alda
Richard III,http://www.imdb.com/title/tt0049674/,UK,1955,-,Laurence Olivier,Richard III of England,Historical,Known,White,0,Male,Laurence Olivier
Ricky 6,http://www.imdb.com/title/tt0156020/,US,2000,-,Peter Filardi,"Richard ""Ricky"" Kasso",Criminal,Unknown,,0,Male,Vincent Kartheiser
Riding in Cars with Boys,http://www.imdb.com/title/tt0200027/,US,2001,$29.8M,Penny Marshall,Beverly Donofrio,Other,Unknown,,0,Female,Drew Barrymore
Rise of the Footsoldier,http://www.imdb.com/title/tt0901507/,UK,2007,-,Julian Gilbey,Carlton Leach,Criminal,Unknown,,0,Male,Ricci Harnett
Rob Roy,http://www.imdb.com/title/tt0114287/,US/UK,1995,$31.6M,Michael Caton-Jones,Robert Roy MacGregor ,Other,Known,White,0,Male,Liam Neeson
Romero,http://www.imdb.com/title/tt0098219/,US,1989,$1.32M,John Duigan,Oscar Romero,Other,Known,Hispanic (Latin American),0,Male,Raul Julia
Rosewater,http://www.imdb.com/title/tt2752688/,US,2014,$3.09M,Jon Stewart,Maziar Bahari,Media,Known,Middle Eastern,1,Male,Gael Garc�_a Bernal
Rudy,http://www.imdb.com/title/tt0108002/,US,1993,$22.8M,David Anspaugh,Rudy Ruettiger,Athlete,Unknown,,0,Male,Sean Astin
Saint Joan,http://www.imdb.com/title/tt0050928/,US,1957,-,Otto Preminger,Joan of Arc,Historical,Known,White,0,Female,Jean Seberg
Salome's Last Dance,http://www.imdb.com/title/tt0096029/,US/UK,1988,$331K,Ken Russell,Oscar Wilde,Author,Known,White,0,Male,Nickolas Grace
Santa Fe Trail,http://www.imdb.com/title/tt0033021/,US,1940,-,Michael Curtiz,John Brown ,Other,Known,White,0,Male,Raymond Massey
Savage Messiah,http://www.imdb.com/title/tt0069225/,UK,1972,-,Ken Russell,Henri Gaudier-Brzeska,Artist,Unknown,,0,Male,Scott Antony
Schindler's List,http://www.imdb.com/title/tt0108052/,US,1993,$96.1M,Steven Spielberg,Oskar Schindler,Other,Known,White,0,Male,Liam Neeson
Scott of the Antarctic,http://www.imdb.com/title/tt0040761/,UK,1948,-,Charles Frend,Robert Falcon Scott,Other,Known,White,0,Male,John Mills
Searching for Bobby Fischer,http://www.imdb.com/title/tt0108065/,US,1993,$7.27M,Steven Zaillian,Josh Waitzkin,Other,Unknown,,0,Male,Max Pomeranc
Selena,http://www.imdb.com/title/tt0120094/,US,1997,$35.4M,Gregory Nava,Selena Quintanilla-Perez,Singer,Known,Hispanic (Latina),1,Female,Jennifer Lopez
Self Medicated,http://www.imdb.com/title/tt0341569/,US,2005,$98.8K,Monty Lapica,Monty Lapica,Other,Unknown,,0,Male,Monty Lapica
Selma,http://www.imdb.com/title/tt1020072/,US/UK,2014,$52.1M,Ava DuVernay,"Martin Luther King, Jr",Activist,Known,African American,1,Male,David Oyelowo
Sergeant York,http://www.imdb.com/title/tt0034167/,US,1941,$16.4M,Howard Hawks,Alvin C. York,Military,Known,White,0,Male,Gary Cooper
Serpico,http://www.imdb.com/title/tt0070666/,US,1973,-,Sidney Lumet,Frank Serpico,Other,Known,White,0,Male,Al Pacino
Set Fire to the Stars,http://www.imdb.com/title/tt3455740/,UK,2014,$3.27K,Andy Goddard,Dylan Thomas,Author (poet),Known,White,0,Male,Celyn Jones
Seven Years in Tibet,http://www.imdb.com/title/tt0120102/,US/UK,1997,$37.9M,Jean-Jacques Annaud,Heinrich Harrer,Other,Known,White,0,Male,Brad Pitt
Sex & Drugs & Rock & Roll,http://www.imdb.com/title/tt1393020/,UK,2010,-,Mat Whitecross,Ian Dury,Musician,Unknown,,0,Male,Andy Serkis
Silkwood,http://www.imdb.com/title/tt0086312/,US,1983,$35.6M,Mike Nichols,Karen Silkwood,Activist,Unknown,,0,Female,Meryl Streep
Sister Kenny,http://www.imdb.com/title/tt0038948/,US,1946,-,Dudley Nichols,Elizabeth Kenny,Medicine,Known,White,0,Female,Rosalind Russell
Sixty Six,http://www.imdb.com/title/tt0493450/,UK,2006,$225K,Paul Weiland,Paul Weiland,Other,Unknown,,0,Male,Gregg Sulkin
Skin,http://www.imdb.com/title/tt0964586/,UK,2008,-,Anthony Fabian,Sandra Laing,Other,Known,African,1,Female,Sophie Okonedo
Somebody Up There Likes Me,http://www.imdb.com/title/tt0049778/,US,1956,-,Robert Wise,Rocky Graziano,Athlete,Known,White,0,Male,Paul Newman
Son of God,http://www.imdb.com/title/tt3210686/,US,2014,$59.7M,Christopher Spencer,Jesus,Historical,Known,Middle Eastern (White),0,Male,Diogo Morgado
Soul Surfer,http://www.imdb.com/title/tt1596346/,US,2011,$43.9M,Sean McNamara,Bethany Hamilton,Athlete,Unknown,,0,Female,AnnaSophia Robb
Spartacus,http://www.imdb.com/title/tt0054331/,US,1960,-,Stanley Kubrick,Spartacus,Historical,Unknown,,0,Male,Kirk Douglas
Spitfire,http://www.imdb.com/title/tt0034734/,UK,1942,-,Leslie Howard,R. J. Mitchell,Military,Known,White,0,Male,Leslie Howard
Squanto: A Warrior's Tale,http://www.imdb.com/title/tt0111271/,US,1994,$3.34M,Xavier Koller,Squanto,Historical,Known,Native American,1,Male,Adam Beach
Stander,http://www.imdb.com/title/tt0326208/,Canada/UK,2003,$19.1K,Bronwen Hughes,Andre Stander,Other,Known,White,0,Male,Thomas Jane
Star 80,http://www.imdb.com/title/tt0086355/,US,1983,$6.5M,Bob Fosse,Dorothy Stratten,Actress,Known,White,0,Female,Mariel Hemingway
Star!,http://www.imdb.com/title/tt0063642/,US,1968,$4M,Robert Wise,Gertrude Lawrence,Actress,Known,White,0,Female,Julie Andrews
Stars and Stripes Forever,http://www.imdb.com/title/tt0045187/,US,1952,-,Henry Koster,John Philip Sousa,Musician,Known,White,0,Male,Clifton Webb
Steal This Movie,http://www.imdb.com/title/tt0161216/,US,2000,$76.1K,Robert Greenwald,Abbie Hoffman,Activist,Known,White,0,Male,Vincent D'Onofrio
Stoned,http://www.imdb.com/title/tt0426627/,UK,2005,-,Stephen Woolley,Brian Jones,Musician,Known,White,0,Male,Leo Gregory
Story of G.I. Joe,http://www.imdb.com/title/tt0038120/,US,1945,-,William A. Wellman,Ernie Pyle,Media,Unknown,,0,Male,Burgess Meredith
Sunrise at Campobello,http://www.imdb.com/title/tt0054354/,US,1960,-,Vincent J. Donehue,Franklin Roosevelt,World leader,Known,White,0,Male,Ralph Bellamy
Surviving Picasso,http://www.imdb.com/title/tt0117791/,US,1996,$1.99M,James Ivory,Francoise Gilot,Artist,Known,White,0,Female,Natascha McElhone
Sweet Dreams,http://www.imdb.com/title/tt0090110/,US,1985,-,Karel Reisz,Patsy Cline,Singer,Known,White,0,Female,Jessica Lange
Swimming Upstream,http://www.imdb.com/title/tt0326664/,US,2003,$47.2K,Russell Mulcahy,Tony Fingleton,Athlete,Unknown,,0,Male,Geoffrey Rush
Talk to Me,http://www.imdb.com/title/tt0796368/,US,2007,$4.47M,Kasi Lemmons,"Ralph ""Petey"" Greene",Activist,Known,African American,1,Male,Don Cheadle
Ted Bundy,http://www.imdb.com/title/tt0284929/,US,2002,-,Matthew Bright,Ted Bundy,Criminal,Known,White,0,Male,Michael Reilly Burke
Telstar: The Joe Meek Story,http://www.imdb.com/title/tt1068669/,UK,2008,-,Nick Moran,Joe Meek,Musician,Known,White,0,Male,Con O'Neill
Testament of Youth,http://www.imdb.com/title/tt1441953/,UK,2014,$671K,James Kent,Vera Brittain,Other,Unknown,,0,Female,Alicia Vikander
The 5th Quarter,http://www.imdb.com/title/tt1130964/,US,2010,$400K,Rick Bieber,Jon Abbate,Athlete,Unknown,,0,Male,Ryan Merriman
The Actress,http://www.imdb.com/title/tt0045471/,US,1953,-,George Cukor,Ruth Gordon Jones,Actress,Unknown,,0,Female,Jean Simmons
The Adventures of Marco Polo,http://www.imdb.com/title/tt0029842/,US,1938,-,Archie Mayo,Marco Polo,Historical,Known,White,0,Male,Gary Cooper
The Adventures of Mark Twain,http://www.imdb.com/title/tt0036582/,US,1944,-,Irving Rapper,Samuel Clemens,Author,Known,White,0,Male,Frederic March
The Assassination of Richard Nixon,http://www.imdb.com/title/tt0364961/,US,2004,$698K,Niels Mueller,Samuel Byck,Other,Unknown,,0,Male,Sean Penn
The Assassination of Trotsky,http://www.imdb.com/title/tt0068226/,UK,1972,-,Joseph Losey,Leon Trotsky,Activist,Known,White,0,Male,Richard Burton
The Aviator,http://www.imdb.com/title/tt0338751/,US,2004,$103M,Martin Scorsese,Howard Hughes,Other,Unknown,,0,Male,Leonardo DiCaprio
The Babe,http://www.imdb.com/title/tt0103747/,US,1992,$17.5M,Arthur Hiller,Babe Ruth,Athlete,Known,White,0,Male,John Goodman
The Babe Ruth Story,http://www.imdb.com/title/tt0040142/,US,1948,-,Roy Del Ruth,Babe Ruth,Athlete,Known,White,0,Male,William Bendix
The Basketball Diaries,http://www.imdb.com/title/tt0112461/,US,1995,$2.42M,Scott Kalvert,Jim Carroll,Author,Known,White,0,Male,Leonardo DiCaprio
The Benny Goodman Story,http://www.imdb.com/title/tt0047873/,US,1956,-,Valentine Davies,Benny Goodman,Musician,Known,White,0,Male,Steve Allen
The Better Angels,http://www.imdb.com/title/tt2316868/,US,2014,-,A.J. Edwards,Abraham Lincoln,World leader,Known,White,0,Male,Jason Clarke
The Blind Side,http://www.imdb.com/title/tt0878804/,US,2009,$256M,John Lee Hancock,Michael Oher,Athlete,Known,African American,1,Male,Quinton Aaron
The Boy in Blue,http://www.imdb.com/title/tt0090769/,Canada,1986,$275K,Charles Jarrott,Ned Hanlan,Athlete,Known,White,0,Male,Nicolas Cage
The Brittany Murphy Story,http://www.imdb.com/title/tt3957278/,US,2014,-,Joe Menendez,Brittany Murphy,Actress,Known,White,0,Female,Amanda Fuller
The Broken Tower,http://www.imdb.com/title/tt1756791/,US,2011,-,James Franco,Harold Hart Crane,Author (poet),Unknown,,0,Male,James Franco
The Buddy Holly Story,http://www.imdb.com/title/tt0077280/,US,1978,-,Steve Rash,Buddy Holly,Singer,Known,Multi racial,0,Male,Gary Busey
The Chameleon,http://www.imdb.com/title/tt1359553/,US,2010,-, Jean-Paul Salom̩,Fr̩d̩ric Fortin,Criminal,Known,Multi racial,1,Male,Marc-Andr̩ Grondin
The Color of Freedom,http://www.imdb.com/title/tt0438859/,UK,2007,-,Bille August,James Gregory,Other,Known,White,0,Male,Joseph Fiennes
The Color of Time,http://www.imdb.com/title/tt2133333/,US,2012,-,"Edna Luise Biesold, Sarah-Violet Bliss",CK Williams,Author,Unknown,,0,Male,James Franco
The Conqueror,http://www.imdb.com/title/tt0049092/,US,1956,$4.5M,Dick Powell,Temujin (Genghis Khan),Military,Known,Asian,1,Male,John Wayne
The Countess,http://www.imdb.com/title/tt0496634/,US,2009,-,Julie Delpy,Erzs̩bet B��thory,Historical,Known,White,0,Female,Julie Delpy
The Court-Martial of Billy Mitchell,http://www.imdb.com/title/tt0047956/,US,1955,-,Otto Preminger,Billy Mitchell,Military,Known,White,0,Male,Gary Cooper
The Cross and the Switchblade,http://www.imdb.com/title/tt0068428/,US,1970,-,Don Murray,David Wilkerson,Other,Unknown,,0,Male,Pat Boone
The Damned United,http://www.imdb.com/title/tt1226271/,UK,2009,$450K,Tom Hooper,Brian Clough,Athlete,Unknown,,0,Male,Michael Sheen
The Desert Fox: The Story of Rommel,http://www.imdb.com/title/tt0043461/,US,1951,-,Henry Hathaway,Erwin Rommel,Military,Known,White,0,Male,James Mason
The Diary of Anne Frank,http://www.imdb.com/title/tt0052738/,US,1959,-,George Stevens,Anne Frank,Other,Known,White,0,Female,Millie Perkins
The Diving Bell and the Butterfly,http://www.imdb.com/title/tt0401383/,US,2007,$5.99M,Julian Schnabel,Jean-Dominique Bauby,Media,Known,White,0,Male,Mathieu Amalric
The Doors,http://www.imdb.com/title/tt0101761/,US,1991,$35.2M,Oliver Stone,Jim Morrison,Singer,Known,White,0,Male,Vil Kilmer
The Duchess,http://www.imdb.com/title/tt0864761/,US/UK,2008,$13.8M,Saul Dibb,Georgiana Cavendish,Other,Known,White,0,Female,Keira Knightley
The Eddy Duchin Story,http://www.imdb.com/title/tt0049170/,US,1956,-,George Sidney,Eddy Duchin,Musician,Unknown,,0,Male,Tyrone Power
The Edge of Love,http://www.imdb.com/title/tt0819714/,UK,2008,$28.6K,John Maybury,Dylan Thomas,Author (poet),Known,White,0,Male,Matthew Rhys
The Elephant Man,http://www.imdb.com/title/tt0080678/,US,1980,-,David Lynch,Joseph Merrick ,Other,Known,White,0,Male,John Hurt
The Entity,http://www.imdb.com/title/tt0082334/,US,1982,-,Sidney J. Furie,Doris Bither,Other,Unknown,,0,Female,Barbara Hershey
The Express,http://www.imdb.com/title/tt0469903/,US,2008,$9.59M,Gary Fleder,Ernie Davis,Athlete,Known,African American,1,Male,Rob Brown
The Falcon and the Snowman,http://www.imdb.com/title/tt0087231/,US/UK,1985,$17.1M,John Schlesinger,Christopher Boyce,Criminal,Unknown,,0,Male,Timothy Hutton
The Fifth Estate,http://www.imdb.com/title/tt1837703/,US,2013,$3.25M,Bill Condon,Julian Assange,Other,Known,White,0,Male,Benedict Cumberbatch
The Fighter,http://www.imdb.com/title/tt0964517/,US,2010,$93.6M,David O. Russell,Micky Ward,Athlete,Known,White,0,Male,Mark Wahlberg
The First Grader,http://www.imdb.com/title/tt0790663/,US,2010,$331K,Justin Chadwick,Kimani Ng�۪ang�۪a Maruge,Other,Known,African,1,Male,Oliver Litondo
The Five Pennies,http://www.imdb.com/title/tt0052809/,US,1959,-,Melville Shavelson,"Loring ""Red"" Nichols",Musician,Unknown,,0,Male,Danny Kaye
The Gallant Hours,http://www.imdb.com/title/tt0053849/,US,1960,-,Robert Montgomery,"William F. ""Bull"" Halsey, Jr.",Military,Known,White,0,Male,James Cagney
The Gaul,http://www.imdb.com/title/tt0199481/,Canada,2001,-,Jacques Dorfmann,Vercingetorix,Historical,Known,White,0,Male,Christopher Lambert
The General,http://www.imdb.com/title/tt0120706/,UK,1998,$1.21M,John Boorman,Martin Cahill,Criminal,Known,White,0,Male,Brendan Gleeson
The Girl in the Red Velvet Swing,http://www.imdb.com/title/tt0048119/,US,1955,-,Richard Fleischer,Evelyn Nesbit (Thaw),Actress,Known,White,0,Female,Joan Collins
The Glenn Miller Story,http://www.imdb.com/title/tt0047030/,US,1954,-,Anthony Mann,Glenn Miller,Musician,Known,White,0,Male,James Stewart
The Great Caruso,http://www.imdb.com/title/tt0043599/,US,1951,-,Richard Thorpe,Enrico Caruso,Musician,Known,White,0,Male,Mario Lanza
The Great Debaters,http://www.imdb.com/title/tt0427309/,US,2007,$30.2M,Denzel Washington,Melvin Tolson,Academic,Known,African American,1,Male,Denzel Washington
The Great Moment,http://www.imdb.com/title/tt0036880/,US,1944,-,Preston Sturges,W.T. Morton,Medicine,Unknown,,0,Male,Joel McCrea
The Great Waltz,http://www.imdb.com/title/tt0030202/,US,1938,-,Julien Duvivier,Johann Strauss II,Musician,Known,White,0,Male,Fernand Gravey
The Great Ziegfeld,http://www.imdb.com/title/tt0027698/,US,1936,-,Robert Z. Leonard,Florenz Ziegfeld,Musician,Known,White,0,Male,William Powell
The Greatest,http://www.imdb.com/title/tt0076111/,US/UK,1977,-,Tom Gries,Muhammad Ali,Athlete,Known,African American,1,Male,Muhammad Ali
The Greatest Story Ever Told,http://www.imdb.com/title/tt0059245/,US,1965,$8M,George Stevens,Jesus,Historical,Known,Middle Eastern (White),0,Male,Max von Sydow
The Grey Fox,http://www.imdb.com/title/tt0085622/,Canada,1982,-,Phillip Borsos,Bill Miner,Other,Unknown,,0,Male,Richard Farnsworth
The Hammer,http://www.imdb.com/title/tt1094666/,US,2010,-,Oren Kaplan,Matt Hamill,Athlete,Unknown,,0,Male,Russell Harvard
The Happy Hooker,http://www.imdb.com/title/tt0073091/,US,1975,-,Nicholas Sgarro,Xaviera Hollander,Other,Known,White,0,Female,Lynn Redgrave
The House of Rothschild,http://www.imdb.com/title/tt0025272/,US,1934,-,Alfred L. Werker,Mayer Rothschild,Other,Known,White,0,Male,George Arliss
The Hunter,http://www.imdb.com/title/tt0080907/,US,1980,-,Buzz Kulik,"Ralph ""Papa"" Thorson",Other,Unknown,,0,Male,Steve McQueen
The Hurricane,http://www.imdb.com/title/tt0174856/,US,1999,$50.7M,Norman Jewison,"Rubin ""Hurricane"" Carter",Athlete,Known,African American,1,Male,Denzel Washington
The Iceman,http://www.imdb.com/title/tt1491044/,US,2012,$1.94M,Ariel Vromen,Richard Kuklinski,Criminal,Known,White,0,Male,Michael Shannon
The Idolmaker,http://www.imdb.com/title/tt0080913/,US,1980,-,Taylor Hackford,Bob Marcucci,Other,Unknown,,0,Male,Ray Sharkey
The Imitation Game,http://www.imdb.com/title/tt2084970/,US/UK,2014,$91.1M,Morten Tyldum,Alan Turing,Academic,Known,White,0,Male,Benedict Cumberbatch
The Inn of the Sixth Happiness,http://www.imdb.com/title/tt0051776/,US,1958,-,Mark Robson,Gladys Aylward,Other,Known,White,0,Female,Ingrid Bergman
The Insider,http://www.imdb.com/title/tt0140352/,US,1999,$29M,Michael Mann,Jeffrey Wigand,Activist,Unknown,,0,Male,Russell Crowe
The Invisible Woman,http://www.imdb.com/title/tt1700845/,UK,2013,$1.23M,Ralph Fiennes,Charles Dickens,Author,Known,White,0,Male,Ralph Fiennes
The Iron Lady,http://www.imdb.com/title/tt1007029/,UK,2011,$30M,Phyllida Lloyd,Margaret Thatcher,World leader,Known,White,0,Female,Meryl Streep
The Jackie Robinson Story,http://www.imdb.com/title/tt0042609/,US,1950,-,Alfred E. Green,Jackie Robinson,Athlete,Known,African American,1,Male,Jackie Robinson
The Jesus Film,http://www.imdb.com/title/tt0079368/,US,1979,-,"John Krish, Peter Sykes",Jesus,Historical,Known,Middle Eastern (White),0,Male,Brian Deacon
The Jolson Story,http://www.imdb.com/title/tt0038661/,US,1946,-,Alfred E. Green,Al Jolson,Musician,Known,White,0,Male,Larry Parks
The King and I,http://www.imdb.com/title/tt0049408/,US,1956,-,Walter Lang,Anna Leonowens,Other,Known,Multi racial,0,Female,Deborah Kerr
The King of Kings,http://www.imdb.com/title/tt0018054/,US,1927,-,Cecil B. DeMille,Jesus,Historical,Known,Middle Eastern (White),0,Male,H.B. Warner
The King's Speech,http://www.imdb.com/title/tt1504320/,US/UK,2010,$139M,Tom Hooper,King George VI,Historical,Known,White,0,Male,Colin Firth
The Lady,http://www.imdb.com/title/tt1802197/,UK,2011,-,Luc Besson,Aung San Suu Kyi,Activist,Known,Asian,1,Female,Michelle Yeoh
The Last Emperor,http://www.imdb.com/title/tt0093389/,UK,1987,$109K,Bernardo Bertolucci,Henry Pu Yi,World leader,Known,Asian,1,Male,John Lone
The Last King of Scotland,http://www.imdb.com/title/tt0455590/,UK,2006,$17.6M,Kevin Macdonald,Idi Amin,Other,Known,African,1,Male,Forest Whitaker
The Last of Robin Hood,http://www.imdb.com/title/tt2450440/,US,2013,$270K,"Richard Glatzer, Wash Westmoreland",Errol Flynn,Actor,Known,White,0,Male,Kevin Kline
The Last Ride,http://www.imdb.com/title/tt1605803/,US,2012,-,Harry Thomason,Hank Williams,Musician,Unknown,,0,Male,Henry Thomas
The Last Station,http://www.imdb.com/title/tt0824758/,UK,2009,$6.62M,Michael Hoffman,Leo Tolstoy,Author,Known,White,0,Male,Christopher Plummer
The Last Time I Committed Suicide,http://www.imdb.com/title/tt0119502/,US,1997,$12.8K,Stephen Kay,Neal Cassady,Author,Unknown,,0,Male,Thomas Jane
The Lawless Breed,http://www.imdb.com/title/tt0045992/,US,1953,-,Raoul Walsh,John Wesley Hardin,Criminal,Unknown,,0,Male,Rock Hudson
The Left Handed Gun,http://www.imdb.com/title/tt0051849/,US,1958,-,Arthur Penn,Henry McCarty (Billy the Kid),Criminal,Known,White,0,Male,Paul Newman
The Life and Death of Peter Sellers,http://www.imdb.com/title/tt0352520/,US,2004,-,Stephen Hopkins,Peter Sellers,Actor,Known,White,0,Male,Geoffrey Rush
The Life of Emile Zola,http://www.imdb.com/title/tt0029146/,US,1937,-,William Dieterle,Emile Zola,Author,Known,White,0,Male,Paul Muni
The Long Day Closes,http://www.imdb.com/title/tt0104753/,UK,1992,$22.8K,Terence Davies,Terence Davies,Other,Known,White,0,Male,Leigh McCormack
The Long Gray Line,http://www.imdb.com/title/tt0048312/,US,1955,-,John Ford,Marty Maher,Military,Known,White,0,Male,Tyrone Power
The Longshots,http://www.imdb.com/title/tt1091751/,US,2008,$11.5M,Fred Durst,Jasmine Plummer,Athlete,Known,African American,1,Female,Keke Palmer
The Look of Love,http://www.imdb.com/title/tt1951216/,US/UK,2013,$10.4K,Michael Winterbottom,Paul Raymond,Other,Unknown,,0,Male,Steve Coogan
The Lover,http://www.imdb.com/title/tt0101316/,UK,1992,$4.9M,Jean-Jacques Annaud,Marguerite Duras,Other,Known,White,0,Female,Jane March 
The Madness of King George,http://www.imdb.com/title/tt0110428/,UK,1994,$15.2M,Nicholas Hytner,George III of UK,Historical,Known,White,0,Male,Nigel Hawthorne
The Magic Box,http://www.imdb.com/title/tt0043769/,UK,1951,-,John Boulting,William Friese-Greene,Other,Unknown,,0,Male,Robert Donat
The Man Who Saw Tomorrow,http://www.imdb.com/title/tt0081109/,US,1981,-,Robert Guenette,Michel de Nostredame,Academic,Known,White,0,Male,Richard Butler
The Message,http://www.imdb.com/title/tt0074896/,UK,1977,-,Moustapha Akkad,Muhammad,Historical,Known,Middle Eastern,1,Male,Anthony Quinn
The Miracle Maker,http://www.imdb.com/title/tt0208298/,UK,2000,-,"Derek W. Hayes, Stanislav Sokolov",Jesus,Historical,Known,Middle Eastern (White),0,Male,Ralph Fiennes
The Motorcycle Diaries,http://www.imdb.com/title/tt0318462/,US/UK,2004,$16.8M,Walter Salles,Che Guevara,Activist,Known,Hispanic (Latin American),0,Male,Gael Garc�_a Bernal
The Music Lovers,http://www.imdb.com/title/tt0066109/,UK,1970,-,Ken Russell,Peter Ilych Tchaikovsky,Musician,Known,White,0,Male,Richard Chamberlain
The New World,http://www.imdb.com/title/tt0402399/,US/UK,2005,$12.7M,Terrence Malick,Pocahontas,Historical,Known,Native American,1,Female,Q'orianka Kilcher
The Night We Called It a Day,http://www.imdb.com/title/tt0320159/,US,2003,-,Paul Goldman,Frank Sinatra,Singer,Known,White,0,Male,Dennis Hopper
The Notorious Bettie Page,http://www.imdb.com/title/tt0404802/,US,2005,$1.41M,Mary Harron,Bettie Page,Other,Known,Multi racial,0,Female,Gretchen Mol
The Other Side of Heaven,http://www.imdb.com/title/tt0250371/,US,2001,$4.72M,Mitch Davis,John Groberg,Other,Unknown,,0,Male,Christopher Gorham
The Other Side of the Mountain,http://www.imdb.com/title/tt0073496/,US,1975,-,Larry Peerce,Jill Kinmont,Athlete,Unknown,,0,Female,Marilyn Hassett
The People vs. Larry Flynt,http://www.imdb.com/title/tt0117318/,US,1996,$20.2M,Milos Forman,Larry Flynt,Activist,Known,White,0,Male,Woody Harrelson
The Perils of Pauline,http://www.imdb.com/title/tt0039698/,US,1947,-,George Marshall,Pearl White,Actress,Unknown,,0,Female,Betty Hutton
The Pianist,http://www.imdb.com/title/tt0253474/,UK,2002,$32.5M,Roman Polanski,W��adys��aw Szpilman,Musician,Known,White,0,Male,Adrien Brody
The Pistol: The Birth of a Legend,http://www.imdb.com/title/tt0102674/,US,1991,-,Frank C. Schr̦der,Pete Maravich,Athlete,Known,White,0,Male,Adam Guier
The Plainsman,http://www.imdb.com/title/tt0028108/,US,1936,-,Cecil B. DeMille,Wild Bill Hickok,Historical,Known,White,0,Male,"With: Gary Cooper, Jean Arthur, James Ellison"
The Pride of the Yankees,http://www.imdb.com/title/tt0035211/,US,1942,-,Sam Wood,Lou Gehrig,Athlete,Known,White,0,Male,Gary Cooper
The Prisoner of Shark Island,http://www.imdb.com/title/tt0028141/,US,1936,-,John Ford,Samuel Mudd,Medicine,Known,White,0,Male,Warner Baxter
The Private Life of Henry VIII.,http://www.imdb.com/title/tt0024473/,UK,1933,-,Alexander Korda,Henry VIII,Historical,Known,White,0,Male,Charles Laughton
"The Prize Winner of Defiance, Ohio",http://www.imdb.com/title/tt0406158/,US,2005,$626K,Jane Anderson,Evelyn Ryan,Other,Unknown,,0,Female,Julianne Moore
The Pursuit of Happyness,http://www.imdb.com/title/tt0454921/,US,2006,$163M,Gabriele Muccino,Christopher Gardner,Other,Known,African American,1,Male,Will Smith
The Queen,http://www.imdb.com/title/tt0436697/,US/UK,2006,$56.4M,Stephen Frears,Queen Elizabeth II,Historical,Known,White,0,Female,Helen Mirren
The Railway Man,http://www.imdb.com/title/tt2058107/,UK,2013,$4.44M,Jonathan Teplitzky,Eric Lomax ,Military,Unknown,,0,Male,Colin Firth
The Red Baron,http://www.imdb.com/title/tt0365675/,UK,2008,$36.6K,Nikolai M���_llersch���n,Baron Manfred von Richthofen,Military,Known,White,0,Male,Matthias Schweigh̦fer
The Rocket: The Legend of Rocket Richard,http://www.imdb.com/title/tt0460505/,Canada,2005,-,Charles Binam���,"Maurice ""The Rocket"" Richard",Athlete,Known,White,0,Male,Roy Dupuis
The Sessions,http://www.imdb.com/title/tt1866249/,US,2012,$6M,Ben Lewin,Mark O'Brien,Medicine,Unknown,,0,Male,John Hawkes
The Seven Little Foys,http://www.imdb.com/title/tt0048604/,US,1955,-,Melville Shavelson,"Eddie Foy, Sr.",Actor,Known,White,0,Male,Bob Hope
The Singing Nun,http://www.imdb.com/title/tt0060983/,US,1966,-,Henry Koster,Jeanne Deckers ,Musician,Known,White,0,Female,Debbie Reynolds
The Social Network,http://www.imdb.com/title/tt1285016/,US,2010,$96.9M,David Fincher,Mark Zuckerberg,Other,Unknown,,0,Male,Jesse Eisenberg
The Song of Bernadette,http://www.imdb.com/title/tt0036377/,US,1943,-,Henry King,Saint Bernadette Soubirous,Other,Known,White,0,Female,Jennifer Jones
The Sound of Music,http://www.imdb.com/title/tt0059742/,US,1965,$163M,Robert Wise,Maria von Trapp,Singer,Known,White,0,Female,Julie Andrews
The Spirit of St. Louis,http://www.imdb.com/title/tt0051003/,US,1957,-,Billy Wilder,Charles 'Slim' Lindbergh,Other,Known,White,0,Male,James Stewart
The Story of Alexander Graham Bell,http://www.imdb.com/title/tt0031981/,US,1939,-,Irving Cummings,Alexander Graham Bell,Academic,Known,White,0,Male,Don Ameche
The Story of Louis Pasteur,http://www.imdb.com/title/tt0028313/,US,1936,-,William Dieterle,Louis Pasteur,Academic,Known,White,0,Male,Paul Muni
The Straight Story,http://www.imdb.com/title/tt0166896/,US/UK,1999,$6.2M,David Lynch,Alvin Straight,Other,Unknown,,0,Male,Richard Farnsworth
The Stratton Story,http://www.imdb.com/title/tt0041928/,US,1949,-,Sam Wood,Monty Stratton,Athlete,Unknown,,0,Male,James Stewart
The Ten Commandments,http://www.imdb.com/title/tt0049833/,US,1956,$80M,Cecil B. DeMille,Moses,Historical,Known,Middle Eastern (White),0,Male,Charlton Heston
The Theory of Everything,http://www.imdb.com/title/tt2980516/,UK,2014,$35.9M,James Marsh,Steven Hawking,Academic,Known,White,0,Male,Eddie Redmayne
The Toast of New York,http://www.imdb.com/title/tt0029675/,US,1937,-,Rowland V. Lee,James Fisk,Criminal,Known,White,0,Male,Edward Arnold
The Trials of Oscar Wilde,http://www.imdb.com/title/tt0054403/,UK,1960,-,Ken Hughes,Oscar Wilde,Author,Known,White,0,Male,Peter Finch
The True Story of Jesse James,http://www.imdb.com/title/tt0051114/,US,1957,-,Nicholas Ray,Jesse James,Criminal,Known,White,0,Male,Robert Wagner
The Unsinkable Molly Brown,http://www.imdb.com/title/tt0058708/,US,1964,-,Charles Walters,Molly Brown,Other,Known,White,0,Female,Debbie Reynolds
The Visual Bible: The Gospel of John,http://www.imdb.com/title/tt0377992/,Canada/UK,2003,$4.07M,Philip Saville,Jesus,Historical,Known,Middle Eastern (White),0,Male,Henry Ian Cusick
The Whistleblower,http://www.imdb.com/title/tt0896872/,US/Canada,2010,$1.12M,Larysa Kondracki,Kathryn Bolkovac,Other,Known,White,0,Female,Rachel Weisz
The Wings of Eagles,http://www.imdb.com/title/tt0051198/,US,1957,-,John Ford,"Frank W. ""Spig"" Wead",Military,Unknown,,0,Male,John Wayne
The Winning Team,http://www.imdb.com/title/tt0045332/,US,1952,-,Lewis Seiler,Grover Cleveland Alexander,Athlete,Known,White,0,Male,Ronald Reagan
The Wizard of Speed and Time,http://www.imdb.com/title/tt0081766/,US,1988,-,Mike Jittlov,Mike Jittlov,Other,Unknown,,0,Male,Mike Jittlov
The Wolf of Wall Street,http://www.imdb.com/title/tt0993846/,US,2013,$117M,Martin Scorsese,Jordan Belfort,Criminal,Unknown,,0,Male,Leonardo DiCaprio
The World's Fastest Indian,http://www.imdb.com/title/tt0412080/,US,2005,$5.13M,Roger Donaldson,"Herbert James ""Burt"" Munro",Athlete,Known,White,0,Male,Anthony Hopkins
The Young Victoria,http://www.imdb.com/title/tt0962736/,US/UK,2009,$11M,Jean-Marc Vall̩e,Victoria,Historical,Known,White,0,Female,Emily Bunt
They Died with Their Boots On,http://www.imdb.com/title/tt0034277/,US,1941,-,Raoul Walsh,George Armstrong Custer,Military,Known,White,0,Male,Errol Flynn
Thirty Two Short Films About Glenn Gould,http://www.imdb.com/title/tt0108328/,Canada,1993,$1.57M,Fran̤ois Girard,Glenn Gould,Musician,Known,White,0,Male,Colm Feore
This Boy's Life,http://www.imdb.com/title/tt0108330/,US,1993,$4.1M,Michael Caton-Jones,Tobias Wolff,Other,Unknown,,0,Male,Leonardo DiCaprio
This Is Elvis,http://www.imdb.com/title/tt0083193/,US,1981,-,"Malcolm Leo, Andrew Solt",Elvis Presley,Musician,Known,White,0,Male,Multiple
Thomas Kinkade's Christmas Cottage,http://www.imdb.com/title/tt0999872/,US,2008,-,Michael Campus,Thomas Kinkade,Artist,Known,White,0,Male,Jared Padalecki
Till the Clouds Roll By,http://www.imdb.com/title/tt0039035/,US,1946,$6.72M,Richard Whorf,Jerome Kern,Musician,Known,White,0,Male,Robert Walker
To Hell and Back,http://www.imdb.com/title/tt0048729/,US,1955,-,Jesse Hibbs,Audie Murphy,Military,Known,White,0,Male,Audie Murphy
To Write Love on Her Arms,http://www.imdb.com/title/tt1850418/,US,2012,-,Nathan Frankowski,Renee Yohe,Other,Unknown,,0,Female,Kat Dennings
Triumph of the Spirit,http://www.imdb.com/title/tt0098513/,US,1989,$409K,Robert M. Young,Salamo Arouch,Athlete,Known,White,0,Male,Willem Dafoe
Tucker: The Man and His Dream,http://www.imdb.com/title/tt0096316/,US,1988,$19.7M,Francis Ford Coppola,Preston Tucker,Other,Unknown,,0,Male,Jeff Bridges
Unbroken,http://www.imdb.com/title/tt1809398/,US,2014,$116M,Angelina Jolie,Louis Zamperini,Athlete / military,Known,White,0,Male,Jack O'Connell
Valentino,http://www.imdb.com/title/tt0076868/,US/UK,1977,-,Ken Russell,Rudolph Valentino,Actor,Known,White,0,Male,Rudolf Nureyev
Vatel,http://www.imdb.com/title/tt0190861/,UK,2000,$49.5K,Roland Joff̩,Fran̤ois Vatel,Other,Known,White,0,Male,G̩rard Depardieu
Veronica Guerin,http://www.imdb.com/title/tt0312549/,US/UK,2003,$1.57M,Joel Schumacher,Veronica Guerin,Media,Known,White,0,Female,Cate Blanchett
VIPs,http://www.imdb.com/title/tt1235548/,US,2010,-,Toniko Melo,Marcelo Nascimento da Rocha,Criminal,Known,White,0,Male,Wagner Moura
Viva Knievel!,http://www.imdb.com/title/tt0076890/,US,1977,-,Gordon Douglas,Evel Knievel,Athlete,Known,White,0,Male,Evel Knievel
Viva Villa!,http://www.imdb.com/title/tt0025948/,US,1934,$1.11M,Jack Conway,Pancho Villa,Military,Known,Hispanic (Latin American),1,Male,Wallace Beery
Viva Zapata!,http://www.imdb.com/title/tt0045296/,US,1952,-,Elia Kazan,Emiliano Zapata,Activist,Known,Hispanic (Latin American),1,Male,Marlon Brando
W.,http://www.imdb.com/title/tt1175491/,US,2008,$25.5M,Oliver Stone,George W. Bush,World leader,Known,White,0,Male,Josh Brolin
Walk the Line,http://www.imdb.com/title/tt0358273/,US,2005,$120M,James Mangold,Johnny Cash,Musician,Known,White,0,Male,Joaquin Phoenix
Walker,http://www.imdb.com/title/tt0096409/,US,1987,$257K,Alex Cox,William Walker,Other,Known,White,0,Male,Ed Harris
Walking Tall Part II,http://www.imdb.com/title/tt0073880/,US,1975,-,Earl Bellamy,Buford Pusser,Other,Unknown,,0,Male,Bo Svenson
What We Do Is Secret,http://www.imdb.com/title/tt0384683/,US,2007,$58.8K,Rodger Grossman,Darby Crash,Singer,Unknown,,0,Male,Shane West
What's Love Got to Do with It,http://www.imdb.com/title/tt0108551/,US,1993,$39.1M,Brian Gibson,Anna Mae Bullock (Tina Turner),Singer,Known,Multi racial,1,Female,Angela Bassett
When Did You Last See Your Father?,http://www.imdb.com/title/tt0829098/,UK,2007,$1.07M,Anand Tucker,Blake Morrison,Other,Known,White,0,Male,Colin Firth
Where the Buffalo Roam,http://www.imdb.com/title/tt0081748/,US,1980,-,Art Linson,Hunter S. Thompson,Media,Unknown,,0,Male,Bill Murray
WhiteLightnin',http://www.imdb.com/title/tt1034419/,UK,2009,-,Dominic Murphy,Jesco White,Other,Unknown,,0,Male,Edward Hogg
Why Do Fools Fall in Love,http://www.imdb.com/title/tt0123324/,US,1998,$12.4M,Gregory Nava,Frankie Lymon,Musician,Known,African American,1,Male,Larenz Tate
Wild,http://www.imdb.com/title/tt2305051/,US,2014,$37.9M,Jean-Marc Vall̩e,Cheryl Strayed,Other,Unknown,,0,Female,Reese Witherspoon
Wild Bill,http://www.imdb.com/title/tt0114938/,US,1995,$2.17M,Walter Hill,Wild Bill Hickok,Historical,Known,White,0,Male,Jeff Bridges
Wilde,http://www.imdb.com/title/tt0120514/,UK,1997,$2.16M,Brian Gilbert,Oscar Wilde,Author,Known,White,0,Male,Stephen Fry
Wilson,http://www.imdb.com/title/tt0037465/,US,1944,$2M,Henry King,Woodrow Wilson,World leader,Known,White,0,Male,Alexander Knox
Winnie Mandela,http://www.imdb.com/title/tt1551641/,Canada,2011,-,Darrell Roodt,Winnie Mandela,Government,Known,African,1,Female,Jennifer Hudson
Wired,http://www.imdb.com/title/tt0098660/,US,1989,$1.09M,Larry Peerce,John Belushi,Comedian,Unknown,,0,Male,Michael Chiklis
With a Song in My Heart,http://www.imdb.com/title/tt0045333/,US,1952,-,Walter Lang,Jane Froman,Musician,Unknown,,0,Female,Susan Hayward
Without Limits,http://www.imdb.com/title/tt0119934/,US,1998,$777K,Robert Towne,Steve Prefontaine,Athlete,Known,White,0,Male,Billy Crudup
Wittgenstein,http://www.imdb.com/title/tt0108583/,UK,1993,-,Derek Jarman,Ludwig Wittgenstein,Academic (Philosopher),Known,White,0,Male,Clancy Chassay
Wyatt Earp,http://www.imdb.com/title/tt0111756/,US,1994,$25.1M,Lawrence Kasdan,Wyatt Earp ,Other,Known,White,0,Male,Kevin Costner
Yankee Doodle Dandy,http://www.imdb.com/title/tt0035575/,US,1942,-,Michael Curtiz,George M. Cohan,Musician,Known,White,0,Male,James Cagney
Young Bess,http://www.imdb.com/title/tt0046564/,US,1953,-,George Sidney,Elizabeth I,Historical,Known,White,0,Female,Jean Simmons
Young Cassidy,http://www.imdb.com/title/tt0059930/,UK,1965,-,Jack Cardiff,Sean O'Casey,Author,Known,White,0,Male,Rod Taylor
Young Man with a Horn,http://www.imdb.com/title/tt0043153/,US,1950,-,Michael Curtiz,Bix Beiderbecke,Musician,Known,White,0,Male,Kirk Douglas
Young Mr. Lincoln,http://www.imdb.com/title/tt0032155/,US,1939,-,John Ford,Abraham Lincoln,World leader,Known,White,0,Male,Henry Fonda
Young Tom Edison,http://www.imdb.com/title/tt0033289/,US,1940,-,Norman Taurog,Thomas Edison,Other,Known,White,0,Male,Mickey Rooney
Young Winston,http://www.imdb.com/title/tt0069528/,US,1972,-,Richard Attenborough,Winston Churchill,World leader,Known,White,0,Male,Simon Ward
Your Cheatin' Heart,http://www.imdb.com/title/tt0058765/,US,1964,-,Gene Nelson,Hank Williams,Musician,Unknown,,0,Male,George Hamilton
